LOANID,MONTHEND,loan_status,PRIN_BAL,CURR_MO_PRIN_PD,CURR_MO_INT_PD,CUR_DUE_AMT,IRB,PAST_DUE_AMTpif,INT_RATEpif,PassId,studentfutureid,period,month
1,0000-00-00,30,13917.99,45.44,44.69,90.13,24.42,90.13,0.0402,0,1,261,0
1,0000-00-00,30,13872.55,44.01,46.63,90.64,24.42,90.13,0.0402,0,1,262,1
1,0000-00-00,30,13828.53693,44.16,46.47,90.63,24.42,90.13,0.0402,0,1,263,2
1,0000-00-00,30,13784.38097,44.3,46.33,90.63,24.42,90.13,0.0402,0,1,264,3
1,0000-00-00,30,13740.07662,44.45,46.18,90.63,24.42,90.13,0.0402,0,1,265,4
1,0000-00-00,30,13695.62337,44.6,46.03,90.63,24.42,90.13,0.0402,0,1,266,5
1,0000-00-00,30,13651.02072,44.75,45.88,90.63,24.42,90.13,0.0402,0,1,267,6
1,0000-00-00,30,13606.26817,44.9,45.73,90.63,24.42,90.13,0.0402,0,1,268,7
1,0000-00-00,30,13561.3652,45.05,45.58,90.63,24.42,90.13,0.0402,0,1,269,8
1,0000-00-00,30,13516.3113,45.21,45.43,90.64,24.42,90.13,0.0402,0,1,270,9
1,0000-00-00,30,13471.10598,45.36,45.28,90.64,24.42,90.13,0.0402,0,1,271,10
1,0000-00-00,30,13425.7487,45.51,45.13,90.64,24.42,90.13,0.0402,0,1,272,11
1,0000-00-00,30,13380.23897,45.66,44.98,90.64,24.42,90.13,0.0402,0,1,273,12
8,0000-00-00,30,959.95,47.64,2.36,50,1.24,50,0.0302,0,1,274,0
8,0000-00-00,30,912.31,52.2,2.42,54.61,1.24,50,0.0302,0,1,275,1
8,0000-00-00,30,860.1111939,52.59,2.3,54.89,1.24,50,0.0302,0,1,276,2
8,0000-00-00,30,807.518214,52.75,2.16,54.91,1.24,50,0.0302,0,1,277,3
8,0000-00-00,30,754.768701,52.89,2.03,54.92,1.24,50,0.0302,0,1,278,4
8,0000-00-00,30,701.8761821,53.04,1.9,54.94,1.24,50,0.0302,0,1,279,5
8,0000-00-00,30,648.8405017,53.18,1.77,54.95,1.24,50,0.0302,0,1,280,6
8,0000-00-00,30,595.6605011,53.33,1.63,54.96,1.24,50,0.0302,0,1,281,7
8,0000-00-00,30,542.334803,53.47,1.5,54.97,1.24,50,0.0302,0,1,282,8
8,0000-00-00,30,488.8618225,53.62,1.36,54.99,1.24,50,0.0302,0,1,283,9
8,0000-00-00,30,435.2397061,53.77,1.23,55,1.24,50,0.0302,0,1,284,10
8,0000-00-00,30,381.4662362,53.93,1.1,55.02,1.24,50,0.0302,0,1,285,11
8,0000-00-00,30,327.5386833,54.09,0.96,55.05,1.24,50,0.0302,0,1,286,12
9,0000-00-00,73,7130.88,0,0,76.93,2645.48,76.93,0.1027,0,1,287,0
9,0000-00-00,73,7130.88,0,0,77.81,2706.51,76.93,0.1027,0,1,288,1
9,0000-00-00,73,7130.88,0,0,77.99,2767.54,76.93,0.1027,0,1,289,2
9,0000-00-00,73,7130.88,0,0,78.18,2828.57,76.93,0.1027,0,1,290,3
9,0000-00-00,73,7130.88,0,0,78.37,2889.59,76.93,0.1027,0,1,291,4
9,0000-00-00,73,7130.88,0,0,78.56,2950.62,76.93,0.1027,0,1,292,5
9,0000-00-00,73,7130.88,0,0,78.75,3011.65,76.93,0.1027,0,1,293,6
9,0000-00-00,33,7130.88,0,0,78.95,3072.68,76.93,0.1027,0,1,294,7
9,0000-00-00,33,7130.88,0,0,79.15,3133.71,76.93,0.1027,0,1,295,8
9,0000-00-00,33,7130.88,0,0,79.35,3194.74,76.93,0.1027,0,1,296,9
9,0000-00-00,33,7130.88,0,0,79.55,3255.76,76.93,0.1027,0,1,297,10
9,0000-00-00,33,7130.88,0,0,79.76,3316.79,76.93,0.1027,0,1,298,11
9,0000-00-00,33,7130.88,0,0,79.97,3377.82,76.93,0.1027,0,1,299,12
11,0000-00-00,33,34232.11,0,0,253.12,183.68,253.12,0.0417,0,1,300,0
11,0000-00-00,33,34232.11,0,0,256.14,302.64,253.12,0.0417,0,1,301,1
11,0000-00-00,33,34232.11,0,0,257.17,421.59,253.12,0.0417,0,1,302,2
11,0000-00-00,33,34232.11,0,0,258.21,540.55,253.12,0.0417,0,1,303,3
11,0000-00-00,33,34232.11,0,0,259.26,659.51,253.12,0.0417,0,1,304,4
11,0000-00-00,33,34232.11,0,0,260.33,778.46,253.12,0.0417,0,1,305,5
11,0000-00-00,33,34232.11,0,0,261.41,897.42,253.12,0.0417,0,1,306,6
11,0000-00-00,33,34232.11,0,0,262.5,1016.38,253.12,0.0417,0,1,307,7
11,0000-00-00,33,34232.11,0,0,263.61,1135.33,253.12,0.0417,0,1,308,8
11,0000-00-00,33,34232.11,0,0,264.73,1254.29,253.12,0.0417,0,1,309,9
11,0000-00-00,33,34232.11,0,0,265.86,1373.25,253.12,0.0417,0,1,310,10
11,0000-00-00,33,34232.11,0,0,267.01,1492.2,253.12,0.0417,0,1,311,11
11,0000-00-00,33,34232.11,0,0,268.17,1611.16,253.12,0.0417,0,1,312,12
12,0000-00-00,30,17373.25,360.6,89.4,0,1.79,0,0.0377,150,1,313,0
12,0000-00-00,33,17012.65,0,0,126.51,56.37,0,0.0377,150,1,314,1
12,0000-00-00,30,17069.02096,70.96,53.45,124.4,0,0,0.0377,0,1,315,2
12,0000-00-00,33,16998.06526,0,0,125.34,53.63,0,0.0377,0,1,316,3
12,0000-00-00,30,17051.69044,143.34,106.4,125.34,0,0,0.0377,0,1,317,4
12,0000-00-00,30,16908.34613,72.7,53.57,126.27,0,0,0.0377,0,1,318,5
12,0000-00-00,33,16835.64266,0,0,125.75,53.12,0,0.0377,0,1,319,6
12,0000-00-00,30,16888.76304,146.02,106.01,125.75,0,0,0.0377,0,1,320,7
12,0000-00-00,33,16742.74573,0,0,126.69,53.06,0,0.0377,0,1,321,8
12,0000-00-00,30,16795.8046,146.86,105.03,126.15,0,0,0.0377,0,1,322,9
12,0000-00-00,33,16648.94198,0,0,127.11,52.77,0,0.0377,0,1,323,10
12,0000-00-00,30,16701.7088,148.26,104.44,126.55,0,0,0.0377,0,1,324,11
12,0000-00-00,33,16553.44877,0,0,127.52,52.47,0,0.0377,0,1,325,12
13,0000-00-00,30,23619.24,92.34,68.52,160.86,31.69,160.86,0.0377,0,1,326,0
13,0000-00-00,30,23526.9,87.97,74.2,162.18,31.69,160.86,0.0377,0,1,327,1
13,0000-00-00,30,23438.92847,88.23,73.91,162.15,31.69,160.86,0.0377,0,1,328,2
13,0000-00-00,30,23350.69695,88.51,73.64,162.15,31.69,160.86,0.0377,0,1,329,3
13,0000-00-00,30,23262.18725,88.79,73.36,162.15,31.69,160.86,0.0377,0,1,330,4
13,0000-00-00,30,23173.39843,89.07,73.08,162.15,31.69,160.86,0.0377,0,1,331,5
13,0000-00-00,30,23084.32959,89.35,72.8,162.15,31.69,160.86,0.0377,0,1,332,6
13,0000-00-00,30,22994.97985,89.63,72.52,162.15,31.69,160.86,0.0377,0,1,333,7
13,0000-00-00,30,22905.34831,89.91,72.24,162.16,31.69,160.86,0.0377,0,1,334,8
13,0000-00-00,30,22815.43408,90.2,71.96,162.16,31.69,160.86,0.0377,0,1,335,9
13,0000-00-00,30,22725.23625,90.48,71.68,162.16,31.69,160.86,0.0377,0,1,336,10
13,0000-00-00,30,22634.75393,90.77,71.4,162.16,31.69,160.86,0.0377,0,1,337,11
13,0000-00-00,30,22543.98621,91.05,71.11,162.16,31.69,160.86,0.0377,0,1,338,12
14,0000-00-00,30,16826.2,32.01,131.16,163.17,53.72,163.17,0.0897,0,1,339,0
14,0000-00-00,30,16794.19,38.43,125.78,164.21,53.72,163.17,0.0897,0,1,340,1
14,0000-00-00,30,16755.75607,38.74,125.54,164.27,53.72,163.17,0.0897,0,1,341,2
14,0000-00-00,30,16717.02004,39.03,125.25,164.28,53.72,163.17,0.0897,0,1,342,3
14,0000-00-00,30,16677.99374,39.32,124.96,164.28,53.72,163.17,0.0897,0,1,343,4
14,0000-00-00,30,16638.67505,39.61,124.67,164.28,53.72,163.17,0.0897,0,1,344,5
14,0000-00-00,30,16599.06175,39.91,124.37,164.28,53.72,163.17,0.0897,0,1,345,6
14,0000-00-00,30,16559.15163,40.21,124.08,164.29,53.72,163.17,0.0897,0,1,346,7
14,0000-00-00,30,16518.94247,40.51,123.78,164.29,53.72,163.17,0.0897,0,1,347,8
14,0000-00-00,30,16478.43201,40.81,123.48,164.29,53.72,163.17,0.0897,0,1,348,9
14,0000-00-00,30,16437.61799,41.12,123.18,164.3,53.72,163.17,0.0897,0,1,349,10
14,0000-00-00,30,16396.49814,41.43,122.87,164.3,53.72,163.17,0.0897,0,1,350,11
14,0000-00-00,30,16355.07013,41.74,122.56,164.3,53.72,163.17,0.0897,0,1,351,12
15,0000-00-00,30,11770.35,9.11,119.95,127.15,72.64,127.15,0.1127,1.91,1,352,0
15,0000-00-00,30,11761.24,16.92,110.54,127.47,72.64,127.15,0.1127,0,1,353,1
15,0000-00-00,30,11744.31613,17.09,110.46,127.55,72.64,127.15,0.1127,0,1,354,2
15,0000-00-00,30,11727.22197,17.25,110.3,127.55,72.64,127.15,0.1127,0,1,355,3
15,0000-00-00,30,11709.96701,17.42,110.14,127.56,72.64,127.15,0.1127,0,1,356,4
15,0000-00-00,30,11692.54976,17.58,109.98,127.56,72.64,127.15,0.1127,0,1,357,5
15,0000-00-00,33,11674.96869,0,0,127.56,182.45,127.15,0.1127,0,1,358,6
15,0000-00-00,30,11857.42122,35.83,219.29,127.56,0,127.15,0.1127,0,1,359,7
15,0000-00-00,30,11821.59501,18.39,111.36,129.75,0,127.15,0.1127,0,1,360,8
15,0000-00-00,30,11803.20262,18.54,111.02,129.56,0,127.15,0.1127,0,1,361,9
15,0000-00-00,30,11784.66484,18.71,110.85,129.56,0,127.15,0.1127,0,1,362,10
15,0000-00-00,30,11765.95272,18.89,110.68,129.57,0,127.15,0.1127,0,1,363,11
15,0000-00-00,30,11747.06459,19.07,110.5,129.57,0,127.15,0.1127,0,1,364,12
16,0000-00-00,30,4591.97,39.1,10.9,50,5.92,50,0.0302,0,1,365,0
16,0000-00-00,30,4552.87,39.11,11.56,50.67,5.92,50,0.0302,0,1,366,1
16,0000-00-00,30,4513.760876,39.21,11.46,50.67,5.92,50,0.0302,0,1,367,2
16,0000-00-00,30,4474.553249,39.31,11.36,50.67,5.92,50,0.0302,0,1,368,3
16,0000-00-00,30,4435.246092,39.41,11.26,50.67,5.92,50,0.0302,0,1,369,4
16,0000-00-00,30,4395.839135,39.51,11.16,50.67,5.92,50,0.0302,0,1,370,5
16,0000-00-00,30,4356.332115,39.61,11.06,50.67,5.92,50,0.0302,0,1,371,6
16,0000-00-00,30,4316.724767,39.71,10.96,50.67,5.92,50,0.0302,0,1,372,7
16,0000-00-00,30,4277.016827,39.81,10.86,50.67,5.92,50,0.0302,0,1,373,8
16,0000-00-00,30,4237.208027,39.91,10.76,50.67,5.92,50,0.0302,0,1,374,9
16,0000-00-00,30,4197.298101,40.01,10.66,50.67,5.92,50,0.0302,0,1,375,10
16,0000-00-00,30,4157.286779,40.11,10.56,50.68,5.92,50,0.0302,0,1,376,11
16,0000-00-00,30,4117.173794,40.21,10.46,50.68,5.92,50,0.0302,0,1,377,12
17,0000-00-00,30,4034.4,40.23,9.77,50,6,50,0.0302,0,1,378,0
17,0000-00-00,30,3994.17,40.5,10.15,50.65,6,50,0.0302,0,1,379,1
17,0000-00-00,33,3953.670149,0,0,50.66,16.05,50,0.0302,0,1,380,2
17,0000-00-00,30,3969.722143,81.41,19.9,50.66,0,50,0.0302,0,1,381,3
17,0000-00-00,30,3888.310402,41.4,9.99,51.39,0,50,0.0302,0,1,382,4
17,0000-00-00,30,3846.908193,41.08,9.79,50.87,0,50,0.0302,0,1,383,5
17,0000-00-00,30,3805.824527,41.18,9.68,50.87,0,50,0.0302,0,1,384,6
17,0000-00-00,30,3764.640878,41.29,9.58,50.87,0,50,0.0302,0,1,385,7
17,0000-00-00,33,3723.352498,0,0,50.87,9.47,50,0.0302,0,1,386,8
17,0000-00-00,30,3732.826844,83,18.74,50.87,0,50,0.0302,0,1,387,9
17,0000-00-00,30,3649.8316,42.18,9.39,51.57,0,50,0.0302,0,1,388,10
17,0000-00-00,30,3607.652404,41.82,9.19,51,0,50,0.0302,0,1,389,11
17,0000-00-00,30,3565.834704,41.92,9.08,51,0,50,0.0302,0,1,390,12
18,0000-00-00,10,13759.35,0,0,0,1281.67,0,0.0302,0,1,391,0
18,0000-00-00,10,13759.35,0,0,50,1316.3,0,0.0302,0,1,392,1
18,0000-00-00,10,13759.35,0,0,50,1350.93,0,0.0302,0,1,393,2
18,0000-00-00,10,13759.35,0,0,50,1385.55,0,0.0302,0,1,394,3
18,0000-00-00,10,13759.35,0,0,50,1420.18,0,0.0302,0,1,395,4
18,0000-00-00,10,13759.35,0,0,50,1454.81,0,0.0302,0,1,396,5
18,0000-00-00,10,13759.35,0,0,50,1489.44,0,0.0302,0,1,397,6
18,0000-00-00,10,13759.35,0,0,50,1524.06,0,0.0302,0,1,398,7
18,0000-00-00,10,13759.35,0,0,50,1558.69,0,0.0302,0,1,399,8
18,0000-00-00,10,13759.35,0,0,50,1593.32,0,0.0302,0,1,400,9
18,0000-00-00,10,13759.35,0,0,50,1627.95,0,0.0302,0,1,401,10
18,0000-00-00,10,13759.35,0,0,50,1662.57,0,0.0302,0,1,402,11
18,0000-00-00,10,13759.35,0,0,50,1697.2,0,0.0302,0,1,403,12
19,0000-00-00,30,14179.18,333.17,66.83,0,1.17,0,0.0302,200,1,404,0
19,0000-00-00,30,13846.01,54.98,35.68,90.67,1.17,0,0.0302,0,1,405,1
19,0000-00-00,30,13791.02912,54.03,34.85,88.88,1.17,0,0.0302,0,1,406,2
19,0000-00-00,30,13736.99549,54.17,34.71,88.87,1.17,0,0.0302,0,1,407,3
19,0000-00-00,30,13682.8296,54.3,34.57,88.87,1.17,0,0.0302,0,1,408,4
19,0000-00-00,30,13628.52686,54.44,34.44,88.88,1.17,0,0.0302,0,1,409,5
19,0000-00-00,30,13574.08692,54.58,34.3,88.88,1.17,0,0.0302,0,1,410,6
19,0000-00-00,30,13519.50943,54.72,34.16,88.88,1.17,0,0.0302,0,1,411,7
19,0000-00-00,30,13464.79402,54.85,34.02,88.88,1.17,0,0.0302,0,1,412,8
19,0000-00-00,30,13409.94036,54.99,33.89,88.88,1.17,0,0.0302,0,1,413,9
19,0000-00-00,30,13354.94808,55.13,33.75,88.88,1.17,0,0.0302,0,1,414,10
19,0000-00-00,30,13299.81684,55.27,33.61,88.88,1.17,0,0.0302,0,1,415,11
19,0000-00-00,30,13244.54627,55.41,33.47,88.88,1.17,0,0.0302,0,1,416,12
20,0000-00-00,30,13433.37,22.43,87.78,110.21,41.51,110.21,0.0627,0,1,417,0
20,0000-00-00,30,13410.94,40.81,70.19,111,41.51,110.21,0.0627,0,1,418,1
20,0000-00-00,30,13370.12942,41.08,70.07,111.15,41.51,110.21,0.0627,0,1,419,2
20,0000-00-00,30,13329.0493,41.3,69.86,111.15,41.51,110.21,0.0627,0,1,420,3
20,0000-00-00,30,13287.7537,41.51,69.64,111.16,41.51,110.21,0.0627,0,1,421,4
20,0000-00-00,30,13246.24166,41.73,69.43,111.16,41.51,110.21,0.0627,0,1,422,5
20,0000-00-00,30,13204.51204,41.95,69.21,111.16,41.51,110.21,0.0627,0,1,423,6
20,0000-00-00,30,13162.5637,42.17,68.99,111.16,41.51,110.21,0.0627,0,1,424,7
20,0000-00-00,30,13120.39547,42.39,68.77,111.16,41.51,110.21,0.0627,0,1,425,8
20,0000-00-00,30,13078.00621,42.61,68.55,111.17,41.51,110.21,0.0627,0,1,426,9
20,0000-00-00,30,13035.39475,42.83,68.33,111.17,41.51,110.21,0.0627,0,1,427,10
20,0000-00-00,30,12992.55992,43.06,68.11,111.17,41.51,110.21,0.0627,0,1,428,11
20,0000-00-00,30,12949.50053,43.29,67.89,111.17,41.51,110.21,0.0627,0,1,429,12
21,0000-00-00,50,16263.88,0,0,0,41.69,0,0.0302,0,1,430,0
21,0000-00-00,50,16263.88,0,0,95.39,82.62,0,0.0302,0,1,431,1
21,0000-00-00,50,16263.88,0,0,95.71,123.55,0,0.0302,0,1,432,2
21,0000-00-00,50,16263.88,0,0,96.04,164.48,0,0.0302,0,1,433,3
21,0000-00-00,50,16263.88,0,0,96.36,205.41,0,0.0302,0,1,434,4
21,0000-00-00,33,16263.88,0,0,96.69,246.34,0,0.0302,0,1,435,5
21,0000-00-00,40,16263.88,0,0,97.02,287.27,0,0.0302,0,1,436,6
21,0000-00-00,40,16263.88,0,0,97.36,328.21,0,0.0302,0,1,437,7
21,0000-00-00,33,16263.88,0,0,97.7,369.14,0,0.0302,0,1,438,8
21,0000-00-00,40,16263.88,0,0,98.04,410.07,0,0.0302,0,1,439,9
21,0000-00-00,40,16263.88,0,0,98.39,451,0,0.0302,0,1,440,10
21,0000-00-00,40,16263.88,0,0,98.74,491.93,0,0.0302,0,1,441,11
21,0000-00-00,40,16263.88,0,0,99.09,532.86,0,0.0302,0,1,442,12
22,0000-00-00,30,23461.28,92.91,36.39,129.3,19.88,129.3,0.0207,0,1,443,0
22,0000-00-00,30,23368.37,89.73,40.47,130.2,19.88,129.3,0.0207,0,1,444,1
22,0000-00-00,30,23278.64202,89.87,40.31,130.18,19.88,129.3,0.0207,0,1,445,2
22,0000-00-00,30,23188.7715,90.03,40.16,130.18,19.88,129.3,0.0207,0,1,446,3
22,0000-00-00,30,23098.74539,90.18,40,130.18,19.88,129.3,0.0207,0,1,447,4
22,0000-00-00,50,23008.56339,0,0,130.18,59.73,129.3,0.0207,0,1,448,5
22,0000-00-00,50,23008.56339,0,0,130.18,99.42,129.3,0.0207,0,1,449,6
22,0000-00-00,50,23008.56339,0,0,130.7,139.1,129.3,0.0207,0,1,450,7
22,0000-00-00,50,23008.56339,0,0,131.22,178.79,129.3,0.0207,0,1,451,8
22,0000-00-00,50,23008.56339,0,0,131.74,218.48,129.3,0.0207,0,1,452,9
22,0000-00-00,50,23008.56339,0,0,132.27,258.17,129.3,0.0207,0,1,453,10
22,0000-00-00,50,23008.56339,0,0,132.81,297.86,129.3,0.0207,0,1,454,11
22,0000-00-00,90,0,22968.87,39.69,133.34,337.55,129.3,0.0207,22875.22,1,455,12
23,0000-00-00,30,11926.46,39.95,35.75,75.7,19.54,75.7,0.0377,0,1,456,0
23,0000-00-00,30,11886.51,38.67,37.47,76.14,19.54,75.7,0.0377,0,1,457,1
23,0000-00-00,30,11847.84316,38.78,37.34,76.13,19.54,75.7,0.0377,0,1,458,2
23,0000-00-00,30,11809.05903,38.91,37.22,76.13,19.54,75.7,0.0377,0,1,459,3
23,0000-00-00,30,11770.15267,39.03,37.1,76.13,19.54,75.7,0.0377,0,1,460,4
23,0000-00-00,30,11731.12368,39.15,36.98,76.13,19.54,75.7,0.0377,0,1,461,5
23,0000-00-00,30,11691.97166,39.28,36.86,76.13,19.54,75.7,0.0377,0,1,462,6
23,0000-00-00,30,11652.69622,39.4,36.73,76.13,19.54,75.7,0.0377,0,1,463,7
23,0000-00-00,30,11613.29698,39.52,36.61,76.13,19.54,75.7,0.0377,0,1,464,8
23,0000-00-00,30,11573.77354,39.65,36.49,76.13,19.54,75.7,0.0377,0,1,465,9
23,0000-00-00,30,11534.12551,39.77,36.36,76.13,19.54,75.7,0.0377,0,1,466,10
23,0000-00-00,30,11494.35249,39.9,36.24,76.13,19.54,75.7,0.0377,0,1,467,11
23,0000-00-00,30,11454.45408,40.02,36.11,76.14,19.54,75.7,0.0377,0,1,468,12
24,0000-00-00,30,1281.2,47.45,2.55,50,1.36,50,0.0252,0,1,469,0
24,0000-00-00,90,0,1278.61,2.59,52.66,4.05,50,0.0252,1228.54,1,470,1
24,0000-00-00,90,0,0,0,50,4.05,50,0.0252,-50,1,471,2
24,0000-00-00,90,0,0,0,50,4.05,50,0.0252,-50,1,472,3
24,0000-00-00,90,0,0,0,50,4.05,50,0.0252,-50,1,473,4
24,0000-00-00,90,0,0,0,50,4.05,50,0.0252,-50,1,474,5
24,0000-00-00,90,0,0,0,50,4.05,50,0.0252,-50,1,475,6
24,0000-00-00,90,0,0,0,50,4.05,50,0.0252,-50,1,476,7
24,0000-00-00,90,0,0,0,50,4.05,50,0.0252,-50,1,477,8
24,0000-00-00,90,0,0,0,50,4.05,50,0.0252,-50,1,478,9
24,0000-00-00,90,0,0,0,50,4.05,50,0.0252,-50,1,479,10
24,0000-00-00,90,0,0,0,50,4.05,50,0.0252,-50,1,480,11
24,0000-00-00,90,0,0,0,50,4.05,50,0.0252,-50,1,481,12
25,0000-00-00,73,21387.48,0,0,233.38,9984.22,233.38,0.1027,0,1,482,0
25,0000-00-00,73,21387.48,0,0,236.2,10167.26,233.38,0.1027,0,1,483,1
25,0000-00-00,73,21387.48,0,0,236.79,10350.3,233.38,0.1027,0,1,484,2
25,0000-00-00,73,21387.48,0,0,237.39,10533.34,233.38,0.1027,0,1,485,3
25,0000-00-00,73,21387.48,0,0,237.99,10716.38,233.38,0.1027,0,1,486,4
25,0000-00-00,73,21387.48,0,0,238.61,10899.43,233.38,0.1027,0,1,487,5
25,0000-00-00,73,21387.48,0,0,239.23,11082.47,233.38,0.1027,0,1,488,6
25,0000-00-00,33,21387.48,0,0,239.86,11265.51,233.38,0.1027,0,1,489,7
25,0000-00-00,33,21387.48,0,0,240.5,11448.55,233.38,0.1027,0,1,490,8
25,0000-00-00,33,21387.48,0,0,241.15,11631.59,233.38,0.1027,0,1,491,9
25,0000-00-00,33,21387.48,0,0,241.8,11814.63,233.38,0.1027,0,1,492,10
25,0000-00-00,33,21387.48,0,0,242.47,11997.67,233.38,0.1027,0,1,493,11
25,0000-00-00,33,21387.48,0,0,243.14,12180.71,233.38,0.1027,0,1,494,12
26,0000-00-00,73,9738.68,0,0,83.61,2760.57,83.61,0.0627,0,1,495,0
26,0000-00-00,73,9738.68,0,0,85.05,2811.45,83.61,0.0627,0,1,496,1
26,0000-00-00,73,9738.68,0,0,85.35,2862.34,83.61,0.0627,0,1,497,2
26,0000-00-00,73,9738.68,0,0,85.65,2913.22,83.61,0.0627,0,1,498,3
26,0000-00-00,73,9738.68,0,0,85.96,2964.11,83.61,0.0627,0,1,499,4
26,0000-00-00,73,9738.68,0,0,86.27,3014.99,83.61,0.0627,0,1,500,5
26,0000-00-00,73,9738.68,0,0,86.59,3065.88,83.61,0.0627,0,1,501,6
26,0000-00-00,33,9738.68,0,0,86.91,3116.76,83.61,0.0627,0,1,502,7
26,0000-00-00,33,9738.68,0,0,87.23,3167.65,83.61,0.0627,0,1,503,8
26,0000-00-00,33,9738.68,0,0,87.55,3218.53,83.61,0.0627,0,1,504,9
26,0000-00-00,33,9738.68,0,0,87.89,3269.42,83.61,0.0627,0,1,505,10
26,0000-00-00,33,9738.68,0,0,88.22,3320.3,83.61,0.0627,0,1,506,11
26,0000-00-00,33,9738.68,0,0,88.56,3371.19,83.61,0.0627,0,1,507,12
27,0000-00-00,33,20308.31,0,0,164.47,297.96,164.47,0.0687,0,1,508,0
27,0000-00-00,33,20308.31,0,0,166.05,414.23,164.47,0.0687,0,1,509,1
27,0000-00-00,40,20308.31,0,0,166.46,530.49,164.47,0.0687,0,1,510,2
27,0000-00-00,40,20308.31,0,0,166.87,646.76,164.47,0.0687,0,1,511,3
27,0000-00-00,40,20308.31,0,0,167.29,763.02,164.47,0.0687,0,1,512,4
27,0000-00-00,40,20308.31,0,0,167.71,879.29,164.47,0.0687,0,1,513,5
27,0000-00-00,40,20308.31,0,0,168.14,995.55,164.47,0.0687,0,1,514,6
27,0000-00-00,40,20308.31,0,0,168.57,1111.82,164.47,0.0687,0,1,515,7
27,0000-00-00,33,20308.31,0,0,169,1228.08,164.47,0.0687,0,1,516,8
27,0000-00-00,33,20308.31,0,0,169.44,1344.35,164.47,0.0687,0,1,517,9
27,0000-00-00,33,20308.31,0,0,169.89,1460.61,164.47,0.0687,0,1,518,10
27,0000-00-00,33,20308.31,0,0,170.34,1576.88,164.47,0.0687,0,1,519,11
27,0000-00-00,33,20308.31,0,0,170.79,1693.14,164.47,0.0687,0,1,520,12
28,0000-00-00,30,3726.47,34.29,15.71,50,8.53,50,0.0517,0,1,521,0
28,0000-00-00,30,3692.18,34.44,16.05,50.5,8.53,50,0.0517,0,1,522,1
28,0000-00-00,30,3657.736194,34.59,15.91,50.5,8.53,50,0.0517,0,1,523,2
28,0000-00-00,30,3623.142552,34.74,15.76,50.5,8.53,50,0.0517,0,1,524,3
28,0000-00-00,30,3588.398446,34.9,15.61,50.5,8.53,50,0.0517,0,1,525,4
28,0000-00-00,30,3553.503201,35.05,15.46,50.51,8.53,50,0.0517,0,1,526,5
28,0000-00-00,30,3518.45614,35.2,15.31,50.51,8.53,50,0.0517,0,1,527,6
28,0000-00-00,90,0,3503.45,15.01,50.51,23.69,50,0.0517,3467.94,1,528,7
28,0000-00-00,90,0,0,0,50,23.69,50,0.0517,-50,1,529,8
28,0000-00-00,90,0,0,0,50,23.69,50,0.0517,-50,1,530,9
28,0000-00-00,90,0,0,0,50,23.69,50,0.0517,-50,1,531,10
28,0000-00-00,90,0,0,0,50,23.69,50,0.0517,-50,1,532,11
28,0000-00-00,90,0,0,0,50,23.69,50,0.0517,-50,1,533,12
29,0000-00-00,50,21874.54,0,0,0,193.61,0,0.0302,0,1,534,0
29,0000-00-00,50,21874.54,0,0,123.42,248.66,0,0.0302,0,1,535,1
29,0000-00-00,50,21874.54,0,0,123.81,303.71,0,0.0302,0,1,536,2
29,0000-00-00,33,21874.54,0,0,124.2,358.76,0,0.0302,0,1,537,3
29,0000-00-00,40,21874.54,0,0,124.59,413.81,0,0.0302,0,1,538,4
29,0000-00-00,40,21874.54,0,0,124.99,468.86,0,0.0302,0,1,539,5
29,0000-00-00,40,21874.54,0,0,125.39,523.92,0,0.0302,0,1,540,6
29,0000-00-00,40,21874.54,0,0,125.79,578.97,0,0.0302,0,1,541,7
29,0000-00-00,40,21874.54,0,0,126.2,634.02,0,0.0302,0,1,542,8
29,0000-00-00,30,22508.55741,0,55.05,126.61,0,0,0.0302,0,1,543,9
29,0000-00-00,30,22508.55741,0,56.65,130.71,0,0,0.0302,0,1,544,10
29,0000-00-00,30,22508.55741,0,56.65,131.14,0,0,0.0302,0,1,545,11
29,0000-00-00,30,22508.55741,0,56.65,131.58,0,0,0.0302,0,1,546,12
31,0000-00-00,30,12981.6,45.63,44.37,89.14,25.46,89.14,0.0377,0.86,1,547,0
31,0000-00-00,30,12935.97,49.02,40.78,89.8,25.46,89.14,0.0377,0,1,548,1
31,0000-00-00,30,12886.94909,49.19,40.64,89.83,25.46,89.14,0.0377,0,1,549,2
31,0000-00-00,30,12837.76129,49.34,40.49,89.83,25.46,89.14,0.0377,0,1,550,3
31,0000-00-00,30,12788.41831,49.5,40.33,89.83,25.46,89.14,0.0377,0,1,551,4
31,0000-00-00,30,12738.91972,49.65,40.18,89.83,25.46,89.14,0.0377,0,1,552,5
31,0000-00-00,30,12689.26501,49.81,40.02,89.83,25.46,89.14,0.0377,0,1,553,6
31,0000-00-00,30,12639.4537,49.97,39.87,89.83,25.46,89.14,0.0377,0,1,554,7
31,0000-00-00,30,12589.48527,50.13,39.71,89.83,25.46,89.14,0.0377,0,1,555,8
31,0000-00-00,30,12539.35924,50.28,39.55,89.84,25.46,89.14,0.0377,0,1,556,9
31,0000-00-00,30,12489.0751,50.44,39.39,89.84,25.46,89.14,0.0377,0,1,557,10
31,0000-00-00,30,12438.63235,50.6,39.24,89.84,25.46,89.14,0.0377,0,1,558,11
31,0000-00-00,30,12388.03049,50.76,39.08,89.84,25.46,89.14,0.0377,0,1,559,12
34,0000-00-00,30,18531.21,70.64,44.6,115.24,27.59,115.24,0.0302,0,1,560,0
34,0000-00-00,30,18460.57,69.62,46.64,116.26,27.59,115.24,0.0302,0,1,561,1
34,0000-00-00,30,18390.95082,69.79,46.46,116.25,27.59,115.24,0.0302,0,1,562,2
34,0000-00-00,30,18321.16029,69.97,46.28,116.25,27.59,115.24,0.0302,0,1,563,3
34,0000-00-00,30,18251.19347,70.14,46.11,116.25,27.59,115.24,0.0302,0,1,564,4
34,0000-00-00,30,18181.04989,70.32,45.93,116.25,27.59,115.24,0.0302,0,1,565,5
34,0000-00-00,30,18110.7291,70.5,45.76,116.25,27.59,115.24,0.0302,0,1,566,6
34,0000-00-00,30,18040.23065,70.68,45.58,116.26,27.59,115.24,0.0302,0,1,567,7
34,0000-00-00,30,17969.55409,70.86,45.4,116.26,27.59,115.24,0.0302,0,1,568,8
34,0000-00-00,30,17898.69896,71.03,45.22,116.26,27.59,115.24,0.0302,0,1,569,9
34,0000-00-00,30,17827.6648,71.21,45.05,116.26,27.59,115.24,0.0302,0,1,570,10
34,0000-00-00,30,17756.45116,71.39,44.87,116.26,27.59,115.24,0.0302,0,1,571,11
34,0000-00-00,30,17685.05758,71.57,44.69,116.26,27.59,115.24,0.0302,0,1,572,12
35,0000-00-00,30,29928.77,107.5,89.9,197.4,55.61,197.4,0.0377,0,1,573,0
35,0000-00-00,30,29821.27,104.91,94.03,198.93,55.61,197.4,0.0377,0,1,574,1
35,0000-00-00,30,29716.36309,105.23,93.69,198.92,55.61,197.4,0.0377,0,1,575,2
35,0000-00-00,30,29611.13575,105.56,93.36,198.92,55.61,197.4,0.0377,0,1,576,3
35,0000-00-00,30,29505.57668,105.89,93.03,198.92,55.61,197.4,0.0377,0,1,577,4
35,0000-00-00,30,29399.6848,106.23,92.7,198.92,55.61,197.4,0.0377,0,1,578,5
35,0000-00-00,30,29293.45904,106.56,92.36,198.92,55.61,197.4,0.0377,0,1,579,6
35,0000-00-00,30,29186.89834,106.9,92.03,198.93,55.61,197.4,0.0377,0,1,580,7
35,0000-00-00,30,29080.00164,107.23,91.7,198.93,55.61,197.4,0.0377,0,1,581,8
35,0000-00-00,30,28972.76788,107.57,91.36,198.93,55.61,197.4,0.0377,0,1,582,9
35,0000-00-00,30,28865.19597,107.91,91.02,198.93,55.61,197.4,0.0377,0,1,583,10
35,0000-00-00,30,28757.28485,108.25,90.68,198.94,55.61,197.4,0.0377,0,1,584,11
35,0000-00-00,33,28649.03344,0,0,198.94,145.96,197.4,0.0377,0,1,585,12
36,0000-00-00,10,35033.29,0,0,0,4590.69,0,0.0302,0,1,586,0
36,0000-00-00,10,35033.29,0,0,50,4678.86,0,0.0302,0,1,587,1
36,0000-00-00,10,35033.29,0,0,50,4767.02,0,0.0302,0,1,588,2
36,0000-00-00,10,35033.29,0,0,50,4855.19,0,0.0302,0,1,589,3
36,0000-00-00,10,35033.29,0,0,50,4943.36,0,0.0302,0,1,590,4
36,0000-00-00,10,35033.29,0,0,50,5031.53,0,0.0302,0,1,591,5
36,0000-00-00,10,35033.29,0,0,50,5119.69,0,0.0302,0,1,592,6
36,0000-00-00,10,35033.29,0,0,50,5207.86,0,0.0302,0,1,593,7
36,0000-00-00,10,35033.29,0,0,50,5296.03,0,0.0302,0,1,594,8
36,0000-00-00,10,35033.29,0,0,50,5384.19,0,0.0302,0,1,595,9
36,0000-00-00,10,35033.29,0,0,50,5472.36,0,0.0302,0,1,596,10
36,0000-00-00,10,35033.29,0,0,50,5560.53,0,0.0302,0,1,597,11
36,0000-00-00,10,35033.29,0,0,50,5648.7,0,0.0302,0,1,598,12
38,0000-00-00,30,5161.41,28.11,21.89,50,11.94,50,0.0522,0,1,599,0
38,0000-00-00,30,5133.3,27.91,22.45,50.36,11.94,50,0.0522,0,1,600,1
38,0000-00-00,33,5105.39391,0,0,50.36,34.27,50,0.0522,0,1,601,2
38,0000-00-00,30,5139.663765,56.3,44.42,50.36,0,50,0.0522,0,1,602,3
38,0000-00-00,30,5083.365418,28.62,22.36,50.98,0,50,0.0522,0,1,603,4
38,0000-00-00,30,5054.74646,28.59,22.11,50.7,0,50,0.0522,0,1,604,5
38,0000-00-00,30,5026.158673,28.71,21.99,50.7,0,50,0.0522,0,1,605,6
38,0000-00-00,30,4997.446707,28.84,21.86,50.7,0,50,0.0522,0,1,606,7
38,0000-00-00,30,4968.60913,28.96,21.74,50.7,0,50,0.0522,0,1,607,8
38,0000-00-00,30,4939.645382,29.09,21.61,50.7,0,50,0.0522,0,1,608,9
38,0000-00-00,30,4910.554904,29.22,21.49,50.71,0,50,0.0522,0,1,609,10
38,0000-00-00,30,4881.337131,29.35,21.36,50.71,0,50,0.0522,0,1,610,11
38,0000-00-00,30,4851.991501,29.47,21.23,50.71,0,50,0.0522,0,1,611,12
39,0000-00-00,30,30540.48,91.66,104.34,193.82,66.2,193.82,0.0377,2.18,1,612,0
39,0000-00-00,33,30448.82,0,0,194.96,162.15,193.82,0.0377,2.18,1,613,1
39,0000-00-00,30,30610.96801,198.09,190.74,195.01,0,193.82,0.0377,0,1,614,2
39,0000-00-00,30,30412.87351,100.52,96.17,196.69,0,193.82,0.0377,0,1,615,3
39,0000-00-00,30,30312.35215,100.51,95.55,196.06,0,193.82,0.0377,0,1,616,4
39,0000-00-00,30,30211.83746,100.83,95.23,196.06,0,193.82,0.0377,0,1,617,5
39,0000-00-00,30,30111.00701,101.15,94.92,196.06,0,193.82,0.0377,0,1,618,6
39,0000-00-00,30,30009.85872,101.47,94.6,196.07,0,193.82,0.0377,0,1,619,7
39,0000-00-00,30,29908.39159,101.79,94.28,196.07,0,193.82,0.0377,0,1,620,8
39,0000-00-00,33,29806.60461,0,0,196.07,93.96,193.82,0.0377,0,1,621,9
39,0000-00-00,30,29900.5668,204.86,187.28,196.07,0,193.82,0.0377,0,1,622,10
39,0000-00-00,30,29695.7095,103.43,93.94,197.37,0,193.82,0.0377,0,1,623,11
39,0000-00-00,30,29592.2786,103.4,93.29,196.7,0,193.82,0.0377,0,1,624,12
40,0000-00-00,73,23359.74,0,0,170.11,5192.39,170.11,0.0377,0,1,625,0
40,0000-00-00,73,23359.74,0,0,173.73,5265.78,170.11,0.0377,0,1,626,1
40,0000-00-00,73,23359.74,0,0,174.48,5339.17,170.11,0.0377,0,1,627,2
40,0000-00-00,73,23359.74,0,0,175.24,5412.56,170.11,0.0377,0,1,628,3
40,0000-00-00,73,23359.74,0,0,176,5485.94,170.11,0.0377,0,1,629,4
40,0000-00-00,73,23359.74,0,0,176.78,5559.33,170.11,0.0377,0,1,630,5
40,0000-00-00,73,23359.74,0,0,177.57,5632.72,170.11,0.0377,0,1,631,6
40,0000-00-00,33,23359.74,0,0,178.36,5706.11,170.11,0.0377,0,1,632,7
40,0000-00-00,33,23359.74,0,0,179.17,5779.5,170.11,0.0377,0,1,633,8
40,0000-00-00,33,23359.74,0,0,179.98,5852.89,170.11,0.0377,0,1,634,9
40,0000-00-00,33,23359.74,0,0,180.81,5926.28,170.11,0.0377,0,1,635,10
40,0000-00-00,33,23359.74,0,0,181.64,5999.66,170.11,0.0377,0,1,636,11
40,0000-00-00,33,23359.74,0,0,182.49,6073.05,170.11,0.0377,0,1,637,12
42,0000-00-00,73,6648.9,0,0,54.14,1430.86,54.14,0.0627,0,1,638,0
42,0000-00-00,73,6648.9,0,0,54.94,1465.6,54.14,0.0627,0,1,639,1
42,0000-00-00,33,6648.9,0,0,55.11,1500.34,54.14,0.0627,0,1,640,2
42,0000-00-00,33,6648.9,0,0,55.28,1535.08,54.14,0.0627,0,1,641,3
42,0000-00-00,33,6648.9,0,0,55.45,1569.82,54.14,0.0627,0,1,642,4
42,0000-00-00,33,6648.9,0,0,55.62,1604.56,54.14,0.0627,0,1,643,5
42,0000-00-00,33,6648.9,0,0,55.8,1639.3,54.14,0.0627,0,1,644,6
42,0000-00-00,33,6648.9,0,0,55.97,1674.04,54.14,0.0627,0,1,645,7
42,0000-00-00,33,6648.9,0,0,56.15,1708.78,54.14,0.0627,0,1,646,8
42,0000-00-00,33,6648.9,0,0,56.33,1743.52,54.14,0.0627,0,1,647,9
42,0000-00-00,33,6648.9,0,0,56.52,1778.27,54.14,0.0627,0,1,648,10
42,0000-00-00,33,6648.9,0,0,56.7,1813.01,54.14,0.0627,0,1,649,11
42,0000-00-00,33,6648.9,0,0,56.89,1847.75,54.14,0.0627,0,1,650,12
43,0000-00-00,73,22733.25,0,0,239.2,7966.77,239.2,0.1027,0,1,651,0
43,0000-00-00,73,22733.25,0,0,241.6,8161.33,239.2,0.1027,0,1,652,1
43,0000-00-00,73,22733.25,0,0,242.1,8355.89,239.2,0.1027,0,1,653,2
43,0000-00-00,73,22733.25,0,0,242.61,8550.45,239.2,0.1027,0,1,654,3
43,0000-00-00,73,22733.25,0,0,243.13,8745,239.2,0.1027,0,1,655,4
43,0000-00-00,73,22733.25,0,0,243.65,8939.56,239.2,0.1027,0,1,656,5
43,0000-00-00,73,22733.25,0,0,244.17,9134.12,239.2,0.1027,0,1,657,6
43,0000-00-00,33,22733.25,0,0,244.71,9328.68,239.2,0.1027,0,1,658,7
43,0000-00-00,33,22733.25,0,0,245.25,9523.24,239.2,0.1027,0,1,659,8
43,0000-00-00,33,22733.25,0,0,245.8,9717.8,239.2,0.1027,0,1,660,9
43,0000-00-00,33,22733.25,0,0,246.35,9912.36,239.2,0.1027,0,1,661,10
43,0000-00-00,33,22733.25,0,0,246.91,10106.92,239.2,0.1027,0,1,662,11
43,0000-00-00,33,22733.25,0,0,247.48,10301.47,239.2,0.1027,0,1,663,12
44,0000-00-00,30,3518.02,34.15,15.85,50,10.09,50,0.0582,0,1,664,0
44,0000-00-00,30,3483.87,33.54,17.06,50.6,10.09,50,0.0582,0,1,665,1
44,0000-00-00,30,3450.329336,33.7,16.9,50.59,10.09,50,0.0582,0,1,666,2
44,0000-00-00,30,3416.631893,33.86,16.73,50.6,10.09,50,0.0582,0,1,667,3
44,0000-00-00,30,3382.76948,34.03,16.57,50.6,10.09,50,0.0582,0,1,668,4
44,0000-00-00,30,3348.74119,34.2,16.41,50.6,10.09,50,0.0582,0,1,669,5
44,0000-00-00,30,3314.546187,34.36,16.24,50.6,10.09,50,0.0582,0,1,670,6
44,0000-00-00,30,3280.183627,34.53,16.08,50.61,10.09,50,0.0582,0,1,671,7
44,0000-00-00,30,3245.652663,34.7,15.91,50.61,10.09,50,0.0582,0,1,672,8
44,0000-00-00,30,3210.952442,34.87,15.74,50.61,10.09,50,0.0582,0,1,673,9
44,0000-00-00,30,3176.082107,35.04,15.57,50.61,10.09,50,0.0582,0,1,674,10
44,0000-00-00,30,3141.040794,35.21,15.4,50.62,10.09,50,0.0582,0,1,675,11
44,0000-00-00,30,3105.827635,35.39,15.23,50.62,10.09,50,0.0582,0,1,676,12
45,0000-00-00,30,4639.01,39.99,10.01,50,5.44,50,0.0277,0,1,677,0
45,0000-00-00,30,4599.02,39.95,10.71,50.66,5.44,50,0.0277,0,1,678,1
45,0000-00-00,30,4559.071572,40.04,10.62,50.66,5.44,50,0.0277,0,1,679,2
45,0000-00-00,30,4519.031292,40.13,10.52,50.66,5.44,50,0.0277,0,1,680,3
45,0000-00-00,30,4478.897778,40.23,10.43,50.66,5.44,50,0.0277,0,1,681,4
45,0000-00-00,30,4438.670791,40.32,10.34,50.66,5.44,50,0.0277,0,1,682,5
45,0000-00-00,30,4398.350106,40.41,10.25,50.66,5.44,50,0.0277,0,1,683,6
45,0000-00-00,30,4357.935494,40.51,10.15,50.66,5.44,50,0.0277,0,1,684,7
45,0000-00-00,30,4317.426727,40.6,10.06,50.66,5.44,50,0.0277,0,1,685,8
45,0000-00-00,30,4276.823575,40.7,9.97,50.66,5.44,50,0.0277,0,1,686,9
45,0000-00-00,30,4236.125807,40.79,9.87,50.66,5.44,50,0.0277,0,1,687,10
45,0000-00-00,30,4195.333193,40.89,9.78,50.67,5.44,50,0.0277,0,1,688,11
45,0000-00-00,30,4154.445501,40.98,9.68,50.67,5.44,50,0.0277,0,1,689,12
46,0000-00-00,73,18190.39,0,0,185.05,2436.4,185.05,0.1027,0,1,690,0
46,0000-00-00,73,18190.39,0,0,186.58,2592.08,185.05,0.1027,0,1,691,1
46,0000-00-00,73,18190.39,0,0,186.9,2747.76,185.05,0.1027,0,1,692,2
46,0000-00-00,73,18190.39,0,0,187.22,2903.44,185.05,0.1027,0,1,693,3
46,0000-00-00,73,18190.39,0,0,187.54,3059.12,185.05,0.1027,0,1,694,4
46,0000-00-00,73,18190.39,0,0,187.87,3214.8,185.05,0.1027,0,1,695,5
46,0000-00-00,73,18190.39,0,0,188.2,3370.48,185.05,0.1027,0,1,696,6
46,0000-00-00,40,18190.39,0,0,188.54,3526.16,185.05,0.1027,0,1,697,7
46,0000-00-00,40,18190.39,0,0,188.88,3681.84,185.05,0.1027,0,1,698,8
46,0000-00-00,40,18190.39,0,0,189.23,3837.51,185.05,0.1027,0,1,699,9
46,0000-00-00,40,18190.39,0,0,189.58,3993.19,185.05,0.1027,0,1,700,10
46,0000-00-00,40,18190.39,0,0,189.93,4148.87,185.05,0.1027,0,1,701,11
46,0000-00-00,33,18190.39,0,0,190.29,4304.55,185.05,0.1027,0,1,702,12
47,0000-00-00,73,5603.04,0,0,50,1862.42,50,0.0627,0,1,703,0
47,0000-00-00,73,5603.04,0,0,50.37,1891.7,50,0.0627,0,1,704,1
47,0000-00-00,73,5603.04,0,0,50.56,1920.97,50,0.0627,0,1,705,2
47,0000-00-00,73,5603.04,0,0,50.76,1950.25,50,0.0627,0,1,706,3
47,0000-00-00,73,5603.04,0,0,50.95,1979.52,50,0.0627,0,1,707,4
47,0000-00-00,73,5603.04,0,0,51.15,2008.8,50,0.0627,0,1,708,5
47,0000-00-00,73,5603.04,0,0,51.35,2038.08,50,0.0627,0,1,709,6
47,0000-00-00,30,7641.115304,1764.22,2318.41,51.55,0,50,0.0627,0,1,710,7
47,0000-00-00,30,5876.899138,30.66,39.92,70.59,0,50,0.0627,0,1,711,8
47,0000-00-00,30,5846.237359,23.8,30.71,54.51,0,50,0.0627,0,1,712,9
47,0000-00-00,30,5822.436188,23.9,30.55,54.44,0,50,0.0627,0,1,713,10
47,0000-00-00,33,5798.5387,0,0,54.44,30.42,50,0.0627,0,1,714,11
47,0000-00-00,33,5798.5387,0,0,54.45,60.72,50,0.0627,0,1,715,12
48,0000-00-00,33,20571.41,0,0,133.13,96.52,133.13,0.0252,0,1,716,0
48,0000-00-00,30,20667.93,183,85.64,135.51,0,133.13,0.0252,0,1,717,1
48,0000-00-00,33,20484.9329,0,0,136.76,43.4,133.13,0.0252,0,1,718,2
48,0000-00-00,30,20528.33556,185.84,85.83,136.16,0,133.13,0.0252,0,1,719,3
48,0000-00-00,33,20342.49476,0,0,137.07,43.11,133.13,0.0252,0,1,720,4
48,0000-00-00,30,20385.60427,187.27,85.35,136.46,0,133.13,0.0252,0,1,721,5
48,0000-00-00,33,20198.33016,0,0,137.38,42.81,133.13,0.0252,0,1,722,6
48,0000-00-00,30,20241.13993,188.47,84.74,136.75,0,133.13,0.0252,0,1,723,7
48,0000-00-00,33,20052.67142,0,0,137.69,42.51,133.13,0.0252,0,1,724,8
48,0000-00-00,30,20095.17782,189.67,84.13,137.05,0,133.13,0.0252,0,1,725,9
48,0000-00-00,33,19905.50827,0,0,137.99,42.2,133.13,0.0252,0,1,726,10
48,0000-00-00,33,19905.50827,0,0,137.34,84,133.13,0.0252,0,1,727,11
48,0000-00-00,30,19989.50971,287.94,125.11,138.01,0,133.13,0.0252,0,1,728,12
49,0000-00-00,90,0,0,0,0,0,0,0,0,1,729,0
49,0000-00-00,90,0,0,0,50,0,0,0,0,1,730,1
49,0000-00-00,90,0,0,0,50,0,0,0,0,1,731,2
49,0000-00-00,90,0,0,0,50,0,0,0,0,1,732,3
49,0000-00-00,90,0,0,0,50,0,0,0,0,1,733,4
49,0000-00-00,90,0,0,0,50,0,0,0,0,1,734,5
49,0000-00-00,90,0,0,0,50,0,0,0,0,1,735,6
49,0000-00-00,90,0,0,0,50,0,0,0,0,1,736,7
49,0000-00-00,90,0,0,0,50,0,0,0,0,1,737,8
49,0000-00-00,90,0,0,0,50,0,0,0,0,1,738,9
49,0000-00-00,90,0,0,0,50,0,0,0,0,1,739,10
49,0000-00-00,90,0,0,0,50,0,0,0,0,1,740,11
49,0000-00-00,90,0,0,0,50,0,0,0,0,1,741,12
51,0000-00-00,30,24529.61,112.43,59.08,0,8.11,0,0.0302,0,1,742,0
51,0000-00-00,30,24417.18,107.9,61.73,169.63,8.11,0,0.0302,0,1,743,1
51,0000-00-00,30,24309.27982,108.15,61.45,169.6,8.11,0,0.0302,0,1,744,2
51,0000-00-00,30,24201.12816,108.42,61.18,169.6,8.11,0,0.0302,0,1,745,3
51,0000-00-00,30,24092.70319,108.7,60.91,169.61,8.11,0,0.0302,0,1,746,4
51,0000-00-00,30,23984.00412,108.97,60.63,169.61,8.11,0,0.0302,0,1,747,5
51,0000-00-00,30,23875.03026,109.25,60.36,169.61,8.11,0,0.0302,0,1,748,6
51,0000-00-00,30,23765.7809,109.53,60.09,169.61,8.11,0,0.0302,0,1,749,7
51,0000-00-00,30,23656.25532,109.8,59.81,169.61,8.11,0,0.0302,0,1,750,8
51,0000-00-00,30,23546.45283,110.08,59.53,169.62,8.11,0,0.0302,0,1,751,9
51,0000-00-00,30,23436.37272,110.36,59.26,169.62,8.11,0,0.0302,0,1,752,10
51,0000-00-00,30,23326.01427,110.64,58.98,169.62,8.11,0,0.0302,0,1,753,11
51,0000-00-00,30,23215.37677,110.92,58.7,169.62,8.11,0,0.0302,0,1,754,12
52,0000-00-00,91,0,0,0,0,0,0,0,0,1,755,0
52,0000-00-00,91,0,0,0,50,0,0,0,0,1,756,1
52,0000-00-00,73,0,0,0,50,0,0,0,0,1,757,2
52,0000-00-00,73,0,0,0,50,0,0,0,0,1,758,3
52,0000-00-00,73,0,0,0,50,0,0,0,0,1,759,4
52,0000-00-00,91,0,0,0,50,0,0,0,0,1,760,5
52,0000-00-00,91,0,0,0,50,0,0,0,0,1,761,6
52,0000-00-00,91,0,0,0,50,0,0,0,0,1,762,7
52,0000-00-00,91,0,0,0,50,0,0,0,0,1,763,8
52,0000-00-00,91,0,0,0,50,0,0,0,0,1,764,9
52,0000-00-00,91,0,0,0,50,0,0,0,0,1,765,10
52,0000-00-00,91,0,0,0,50,0,0,0,0,1,766,11
52,0000-00-00,33,0,0,0,50,0,0,0,0,1,767,12
53,0000-00-00,91,0,0,0,0,0,0,0,0,1,768,0
53,0000-00-00,91,0,0,0,50,0,0,0,0,1,769,1
53,0000-00-00,91,0,0,0,50,0,0,0,0,1,770,2
53,0000-00-00,91,0,0,0,50,0,0,0,0,1,771,3
53,0000-00-00,91,0,0,0,50,0,0,0,0,1,772,4
53,0000-00-00,91,0,0,0,50,0,0,0,0,1,773,5
53,0000-00-00,91,0,0,0,50,0,0,0,0,1,774,6
53,0000-00-00,91,0,0,0,50,0,0,0,0,1,775,7
53,0000-00-00,91,0,0,0,50,0,0,0,0,1,776,8
53,0000-00-00,91,0,0,0,50,0,0,0,0,1,777,9
53,0000-00-00,91,0,0,0,50,0,0,0,0,1,778,10
53,0000-00-00,91,0,0,0,50,0,0,0,0,1,779,11
53,0000-00-00,30,0,550,0,50,0,0,0,0,1,780,12
54,0000-00-00,73,36669.63,0,0,400.14,20877.54,400.14,0.1027,0,1,781,0
54,0000-00-00,73,36669.63,0,0,404.98,21191.37,400.14,0.1027,0,1,782,1
54,0000-00-00,73,36669.63,0,0,405.99,21505.2,400.14,0.1027,0,1,783,2
54,0000-00-00,73,36669.63,0,0,407.01,21819.03,400.14,0.1027,0,1,784,3
54,0000-00-00,73,36669.63,0,0,408.05,22132.86,400.14,0.1027,0,1,785,4
54,0000-00-00,73,36669.63,0,0,409.1,22446.69,400.14,0.1027,0,1,786,5
54,0000-00-00,73,36669.63,0,0,410.17,22760.53,400.14,0.1027,0,1,787,6
54,0000-00-00,33,36669.63,0,0,411.25,23074.36,400.14,0.1027,0,1,788,7
54,0000-00-00,33,36669.63,0,0,412.34,23388.19,400.14,0.1027,0,1,789,8
54,0000-00-00,33,36669.63,0,0,413.45,23702.02,400.14,0.1027,0,1,790,9
54,0000-00-00,33,36669.63,0,0,414.58,24015.85,400.14,0.1027,0,1,791,10
54,0000-00-00,33,36669.63,0,0,415.72,24329.68,400.14,0.1027,0,1,792,11
54,0000-00-00,33,36669.63,0,0,416.88,24643.51,400.14,0.1027,0,1,793,12
55,0000-00-00,30,23875.11,93.51,76.69,0,2.46,0,0.0377,0,1,794,0
55,0000-00-00,30,23781.6,96.73,75.01,171.74,2.46,0,0.0377,0,1,795,1
55,0000-00-00,30,23684.86544,97.05,74.71,171.77,2.46,0,0.0377,0,1,796,2
55,0000-00-00,30,23587.81382,97.36,74.41,171.77,2.46,0,0.0377,0,1,797,3
55,0000-00-00,30,23490.45598,97.66,74.11,171.77,2.46,0,0.0377,0,1,798,4
55,0000-00-00,30,23392.79102,97.97,73.8,171.77,2.46,0,0.0377,0,1,799,5
55,0000-00-00,30,23294.81794,98.28,73.49,171.77,2.46,0,0.0377,0,1,800,6
55,0000-00-00,30,23196.53577,98.59,73.18,171.78,2.46,0,0.0377,0,1,801,7
55,0000-00-00,30,23097.94352,98.9,72.88,171.78,2.46,0,0.0377,0,1,802,8
55,0000-00-00,30,22999.04021,99.22,72.57,171.78,2.46,0,0.0377,0,1,803,9
55,0000-00-00,30,22899.82483,99.53,72.26,171.78,2.46,0,0.0377,0,1,804,10
55,0000-00-00,30,22800.29641,99.84,71.94,171.79,2.46,0,0.0377,0,1,805,11
55,0000-00-00,30,22700.45394,100.16,71.63,171.79,2.46,0,0.0377,0,1,806,12
56,0000-00-00,30,14194.16,65.8,34.2,0,7.04,0,0.0302,0,1,807,0
56,0000-00-00,90,0,0,35.56,84.39,42.76,0,0.0302,0,1,808,1
56,0000-00-00,90,0,0,0,50,42.76,0,0.0302,0,1,809,2
56,0000-00-00,90,0,0,0,50,42.76,0,0.0302,0,1,810,3
56,0000-00-00,90,0,0,0,50,42.76,0,0.0302,0,1,811,4
56,0000-00-00,90,0,0,0,50,42.76,0,0.0302,0,1,812,5
56,0000-00-00,90,0,0,0,50,42.76,0,0.0302,0,1,813,6
56,0000-00-00,90,0,0,0,50,42.76,0,0.0302,0,1,814,7
56,0000-00-00,90,0,0,0,50,42.76,0,0.0302,0,1,815,8
56,0000-00-00,90,0,0,0,50,42.76,0,0.0302,0,1,816,9
56,0000-00-00,90,0,0,0,50,42.76,0,0.0302,0,1,817,10
56,0000-00-00,90,0,0,0,50,42.76,0,0.0302,0,1,818,11
56,0000-00-00,90,0,0,0,50,42.76,0,0.0302,0,1,819,12
58,0000-00-00,20,7700,0,0,0,5236.91,0,0.1027,0,1,820,0
58,0000-00-00,20,7700,0,0,50,5302.81,0,0.1027,0,1,821,1
58,0000-00-00,20,7700,0,0,50,5368.71,0,0.1027,0,1,822,2
58,0000-00-00,30,13068.70833,0,65.9,75.79,0,0,0.1027,0,1,823,3
58,0000-00-00,30,13068.70833,0,111.85,128.79,0,0,0.1027,0,1,824,4
58,0000-00-00,30,13068.70833,0,111.85,128.96,0,0,0.1027,0,1,825,5
58,0000-00-00,30,13068.70833,0,111.85,129.13,0,0,0.1027,0,1,826,6
58,0000-00-00,30,13068.70833,0,111.85,129.3,0,0,0.1027,0,1,827,7
58,0000-00-00,30,13068.70833,0,111.85,129.47,0,0,0.1027,0,1,828,8
58,0000-00-00,30,13068.70833,0,111.85,129.65,0,0,0.1027,0,1,829,9
58,0000-00-00,30,13068.70833,0,111.85,129.82,0,0,0.1027,0,1,830,10
58,0000-00-00,30,13068.70833,0,111.85,130,0,0,0.1027,0,1,831,11
58,0000-00-00,30,13068.70833,0,111.85,130.18,0,0,0.1027,0,1,832,12
59,0000-00-00,30,10580.57,41.23,31.74,72.97,17.34,72.97,0.0377,0,1,833,0
59,0000-00-00,30,10539.34,40.23,33.24,73.47,17.34,72.97,0.0377,0,1,834,1
59,0000-00-00,30,10499.10838,40.35,33.11,73.47,17.34,72.97,0.0377,0,1,835,2
59,0000-00-00,30,10458.75419,40.48,32.98,73.47,17.34,72.97,0.0377,0,1,836,3
59,0000-00-00,30,10418.27275,40.61,32.86,73.47,17.34,72.97,0.0377,0,1,837,4
59,0000-00-00,30,10377.66363,40.74,32.73,73.47,17.34,72.97,0.0377,0,1,838,5
59,0000-00-00,30,10336.92643,40.87,32.6,73.47,17.34,72.97,0.0377,0,1,839,6
59,0000-00-00,30,10296.06075,40.99,32.48,73.47,17.34,72.97,0.0377,0,1,840,7
59,0000-00-00,30,10255.06617,41.12,32.35,73.47,17.34,72.97,0.0377,0,1,841,8
59,0000-00-00,30,10213.94229,41.25,32.22,73.47,17.34,72.97,0.0377,0,1,842,9
59,0000-00-00,30,10172.68868,41.38,32.09,73.47,17.34,72.97,0.0377,0,1,843,10
59,0000-00-00,30,10131.30495,41.51,31.96,73.47,17.34,72.97,0.0377,0,1,844,11
59,0000-00-00,30,10089.79067,41.65,31.83,73.47,17.34,72.97,0.0377,0,1,845,12
60,0000-00-00,30,10333.73,23.08,48.1,71.18,14.93,71.18,0.0377,0,1,846,0
60,0000-00-00,30,10310.65,39.29,32.47,71.76,14.93,71.18,0.0377,0,1,847,1
60,0000-00-00,30,10271.35697,39.48,32.39,71.87,14.93,71.18,0.0377,0,1,848,2
60,0000-00-00,30,10231.87841,39.6,32.27,71.87,14.93,71.18,0.0377,0,1,849,3
60,0000-00-00,30,10192.27511,39.73,32.15,71.87,14.93,71.18,0.0377,0,1,850,4
60,0000-00-00,30,10152.5469,39.85,32.02,71.87,14.93,71.18,0.0377,0,1,851,5
60,0000-00-00,30,10112.69339,39.98,31.9,71.88,14.93,71.18,0.0377,0,1,852,6
60,0000-00-00,30,10072.71419,40.11,31.77,71.88,14.93,71.18,0.0377,0,1,853,7
60,0000-00-00,30,10032.60888,40.23,31.65,71.88,14.93,71.18,0.0377,0,1,854,8
60,0000-00-00,30,9992.37707,40.36,31.52,71.88,14.93,71.18,0.0377,0,1,855,9
60,0000-00-00,30,9952.018358,40.49,31.39,71.88,14.93,71.18,0.0377,0,1,856,10
60,0000-00-00,30,9911.532338,40.61,31.27,71.88,14.93,71.18,0.0377,0,1,857,11
60,0000-00-00,30,9870.918605,40.74,31.14,71.88,14.93,71.18,0.0377,0,1,858,12
61,0000-00-00,30,6212.17,0,60.76,60.76,29.25,60.76,0.0897,0,1,859,0
61,0000-00-00,30,6212.17,14.61,46.44,61.05,29.25,60.76,0.0897,0,1,860,1
61,0000-00-00,30,6197.558877,14.76,46.44,61.19,29.25,60.76,0.0897,0,1,861,2
61,0000-00-00,30,6182.803832,14.87,46.33,61.19,29.25,60.76,0.0897,0,1,862,3
61,0000-00-00,30,6167.938148,14.98,46.22,61.19,29.25,60.76,0.0897,0,1,863,4
61,0000-00-00,30,6152.961075,15.09,46.11,61.19,29.25,60.76,0.0897,0,1,864,5
61,0000-00-00,30,6137.871776,15.2,45.99,61.2,29.25,60.76,0.0897,0,1,865,6
61,0000-00-00,30,6122.669407,15.32,45.88,61.2,29.25,60.76,0.0897,0,1,866,7
61,0000-00-00,30,6107.353118,15.43,45.77,61.2,29.25,60.76,0.0897,0,1,867,8
61,0000-00-00,30,6091.922053,15.55,45.65,61.2,29.25,60.76,0.0897,0,1,868,9
61,0000-00-00,30,6076.375348,15.66,45.54,61.2,29.25,60.76,0.0897,0,1,869,10
61,0000-00-00,30,6060.712134,15.78,45.42,61.2,29.25,60.76,0.0897,0,1,870,11
61,0000-00-00,30,6044.931536,15.9,45.3,61.2,29.25,60.76,0.0897,0,1,871,12
63,0000-00-00,73,15265.15,0,0,105.99,1481.63,105.99,0.0502,0,1,872,0
63,0000-00-00,73,15265.15,0,0,107.48,1545.49,105.99,0.0502,0,1,873,1
63,0000-00-00,73,15265.15,0,0,107.79,1609.35,105.99,0.0502,0,1,874,2
63,0000-00-00,73,15265.15,0,0,108.1,1673.21,105.99,0.0502,0,1,875,3
63,0000-00-00,73,15265.15,0,0,108.42,1737.07,105.99,0.0502,0,1,876,4
63,0000-00-00,73,15265.15,0,0,108.73,1800.93,105.99,0.0502,0,1,877,5
63,0000-00-00,73,15265.15,0,0,109.06,1864.79,105.99,0.0502,0,1,878,6
63,0000-00-00,91,15265.15,0,0,109.38,1928.64,105.99,0.0502,0,1,879,7
63,0000-00-00,91,15265.15,0,0,109.71,1992.5,105.99,0.0502,0,1,880,8
63,0000-00-00,91,15265.15,0,0,110.04,2056.36,105.99,0.0502,0,1,881,9
63,0000-00-00,91,15265.15,0,0,110.37,2120.22,105.99,0.0502,0,1,882,10
63,0000-00-00,91,15265.15,0,0,110.71,2184.08,105.99,0.0502,0,1,883,11
63,0000-00-00,33,15265.15,0,0,111.05,2247.94,105.99,0.0502,0,1,884,12
64,0000-00-00,30,9446.89,0,33.84,58.84,11.04,58.84,0.0377,0,1,885,0
64,0000-00-00,33,9446.89,0,0,59.54,40.72,58.84,0.0377,0,1,886,1
64,0000-00-00,30,9487.608979,59.65,58.92,59.73,0,58.84,0.0377,0,1,887,2
64,0000-00-00,33,9427.955494,0,0,60.18,29.81,58.84,0.0377,0,1,888,3
64,0000-00-00,33,9427.955494,0,0,59.99,59.43,58.84,0.0377,0,1,889,4
64,0000-00-00,30,9487.381892,91.46,88.63,60.19,0,58.84,0.0377,0,1,890,5
64,0000-00-00,33,9395.918277,0,0,60.76,29.81,58.84,0.0377,0,1,891,6
64,0000-00-00,30,9425.724468,61.61,58.95,60.37,0,58.84,0.0377,0,1,892,7
64,0000-00-00,33,9364.11104,0,0,60.76,29.61,58.84,0.0377,0,1,893,8
64,0000-00-00,30,9393.723524,62.2,58.74,60.57,0,58.84,0.0377,0,1,894,9
64,0000-00-00,33,9331.526098,0,0,60.96,29.51,58.84,0.0377,0,1,895,10
64,0000-00-00,30,9361.038046,62.79,58.54,60.76,0,58.84,0.0377,0,1,896,11
64,0000-00-00,33,9298.24833,0,0,61.16,29.41,58.84,0.0377,0,1,897,12
65,0000-00-00,30,17218.26,51.81,53.48,0,19.55,0,0.0377,0,1,898,0
65,0000-00-00,30,17166.45,51.79,54.09,105.88,19.55,0,0.0377,0,1,899,1
65,0000-00-00,30,17114.66302,51.95,53.93,105.88,19.55,0,0.0377,0,1,900,2
65,0000-00-00,30,17062.71341,52.11,53.77,105.88,19.55,0,0.0377,0,1,901,3
65,0000-00-00,30,17010.60009,52.28,53.61,105.88,19.55,0,0.0377,0,1,902,4
65,0000-00-00,30,16958.32256,52.44,53.44,105.88,19.55,0,0.0377,0,1,903,5
65,0000-00-00,30,16905.88027,52.61,53.28,105.88,19.55,0,0.0377,0,1,904,6
65,0000-00-00,30,16853.27273,52.77,53.11,105.89,19.55,0,0.0377,0,1,905,7
65,0000-00-00,30,16800.49938,52.94,52.95,105.89,19.55,0,0.0377,0,1,906,8
65,0000-00-00,30,16747.55973,53.11,52.78,105.89,19.55,0,0.0377,0,1,907,9
65,0000-00-00,30,16694.45322,53.27,52.62,105.89,19.55,0,0.0377,0,1,908,10
65,0000-00-00,30,16641.17935,53.44,52.45,105.89,19.55,0,0.0377,0,1,909,11
65,0000-00-00,30,16587.73757,53.61,52.28,105.89,19.55,0,0.0377,0,1,910,12
66,0000-00-00,30,16717.27,11.27,38.73,50,20.74,50,0.0302,0,1,911,0
66,0000-00-00,30,16706,67.83,42.07,109.9,20.74,50,0.0302,0,1,912,1
66,0000-00-00,30,16638.17184,68.23,42.04,110.27,20.74,50,0.0302,0,1,913,2
66,0000-00-00,30,16569.94198,68.4,41.87,110.28,20.74,50,0.0302,0,1,914,3
66,0000-00-00,30,16501.53876,68.58,41.7,110.28,20.74,50,0.0302,0,1,915,4
66,0000-00-00,30,16432.96267,68.75,41.53,110.28,20.74,50,0.0302,0,1,916,5
66,0000-00-00,30,16364.21328,68.92,41.36,110.28,20.74,50,0.0302,0,1,917,6
66,0000-00-00,30,16295.29015,69.1,41.18,110.28,20.74,50,0.0302,0,1,918,7
66,0000-00-00,30,16226.19282,69.27,41.01,110.28,20.74,50,0.0302,0,1,919,8
66,0000-00-00,30,16156.92086,69.45,40.84,110.28,20.74,50,0.0302,0,1,920,9
66,0000-00-00,30,16087.47382,69.62,40.66,110.28,20.74,50,0.0302,0,1,921,10
66,0000-00-00,30,16017.85125,69.8,40.49,110.29,20.74,50,0.0302,0,1,922,11
66,0000-00-00,30,15948.05269,69.97,40.31,110.29,20.74,50,0.0302,0,1,923,12
67,0000-00-00,33,20970.3,0,56.02,131.02,93.32,131.02,0.0377,-50,1,924,0
67,0000-00-00,30,21063.62,132.62,130.98,132.59,0,131.02,0.0377,0,1,925,1
67,0000-00-00,30,20930.99615,67.43,66.17,133.6,0,131.02,0.0377,0,1,926,2
67,0000-00-00,33,20863.56792,0,0,133.19,65.76,131.02,0.0377,0,1,927,3
67,0000-00-00,30,20929.32613,135.49,131.3,133.19,0,131.02,0.0377,0,1,928,4
67,0000-00-00,30,20793.83169,68.29,65.75,134.04,0,131.02,0.0377,0,1,929,5
67,0000-00-00,30,20725.54203,68.28,65.33,133.61,0,131.02,0.0377,0,1,930,6
67,0000-00-00,30,20657.25852,68.5,65.11,133.61,0,131.02,0.0377,0,1,931,7
67,0000-00-00,30,20588.76051,68.71,64.9,133.61,0,131.02,0.0377,0,1,932,8
67,0000-00-00,30,20520.04658,68.93,64.68,133.61,0,131.02,0.0377,0,1,933,9
67,0000-00-00,33,20451.11606,0,0,133.61,64.47,131.02,0.0377,0,1,934,10
67,0000-00-00,30,20515.5832,138.73,128.5,133.62,0,131.02,0.0377,0,1,935,11
67,0000-00-00,30,20376.8531,70.04,64.45,134.49,0,131.02,0.0377,0,1,936,12
68,0000-00-00,30,20963.11,61.05,86.69,147.74,54.73,147.74,0.0502,0,1,937,0
68,0000-00-00,30,20902.06,60.76,87.7,148.45,54.73,147.74,0.0502,0,1,938,1
68,0000-00-00,30,20841.30116,61.01,87.44,148.45,54.73,147.74,0.0502,0,1,939,2
68,0000-00-00,30,20780.28899,61.27,87.19,148.45,54.73,147.74,0.0502,0,1,940,3
68,0000-00-00,30,20719.02084,61.53,86.93,148.46,54.73,147.74,0.0502,0,1,941,4
68,0000-00-00,30,20657.49563,61.78,86.67,148.46,54.73,147.74,0.0502,0,1,942,5
68,0000-00-00,30,20595.71228,62.04,86.42,148.46,54.73,147.74,0.0502,0,1,943,6
68,0000-00-00,30,20533.66968,62.3,86.16,148.46,54.73,147.74,0.0502,0,1,944,7
68,0000-00-00,30,20471.36676,62.56,85.9,148.46,54.73,147.74,0.0502,0,1,945,8
68,0000-00-00,30,20408.80241,62.83,85.64,148.47,54.73,147.74,0.0502,0,1,946,9
68,0000-00-00,30,20345.97553,63.09,85.38,148.47,54.73,147.74,0.0502,0,1,947,10
68,0000-00-00,30,20282.88502,63.36,85.11,148.47,54.73,147.74,0.0502,0,1,948,11
68,0000-00-00,30,20219.52975,63.62,84.85,148.47,54.73,147.74,0.0502,0,1,949,12
69,0000-00-00,33,20187.93,0,0,200.01,266.8,200.01,0.1027,0,1,950,0
69,0000-00-00,40,20187.93,0,0,200.82,439.58,200.01,0.1027,0,1,951,1
69,0000-00-00,40,20187.93,0,0,201.1,612.35,200.01,0.1027,0,1,952,2
69,0000-00-00,40,20187.93,0,0,201.38,785.13,200.01,0.1027,0,1,953,3
69,0000-00-00,30,20973.0551,0,172.78,201.67,0,200.01,0.1027,0,1,954,4
69,0000-00-00,30,20973.0551,0,179.49,209.81,0,200.01,0.1027,0,1,955,5
69,0000-00-00,30,20973.0551,0,179.49,210.12,0,200.01,0.1027,0,1,956,6
69,0000-00-00,30,20973.0551,0,179.49,210.42,0,200.01,0.1027,0,1,957,7
69,0000-00-00,30,20973.0551,0,179.49,210.73,0,200.01,0.1027,0,1,958,8
69,0000-00-00,30,20973.0551,0,179.49,211.05,0,200.01,0.1027,0,1,959,9
69,0000-00-00,30,20973.0551,0,179.49,211.37,0,200.01,0.1027,0,1,960,10
69,0000-00-00,30,20973.0551,0,179.49,211.69,0,200.01,0.1027,0,1,961,11
69,0000-00-00,30,20973.0551,0,179.49,212.01,0,200.01,0.1027,0,1,962,12
71,0000-00-00,40,22261.31,0,0,0,809.33,0,0.0302,0,1,963,0
71,0000-00-00,40,22261.31,0,0,139.66,865.35,0,0.0302,0,1,964,1
71,0000-00-00,40,22261.31,0,0,140.18,921.38,0,0.0302,0,1,965,2
71,0000-00-00,40,22261.31,0,0,140.72,977.4,0,0.0302,0,1,966,3
71,0000-00-00,40,22261.31,0,0,141.25,1033.43,0,0.0302,0,1,967,4
71,0000-00-00,40,22261.31,0,0,141.8,1089.45,0,0.0302,0,1,968,5
71,0000-00-00,40,22261.31,0,0,142.34,1145.48,0,0.0302,0,1,969,6
71,0000-00-00,33,22261.31,0,0,142.9,1201.5,0,0.0302,0,1,970,7
71,0000-00-00,40,22261.31,0,0,143.46,1257.52,0,0.0302,0,1,971,8
71,0000-00-00,40,22261.31,0,0,144.02,1313.55,0,0.0302,0,1,972,9
71,0000-00-00,40,22261.31,0,0,144.6,1369.57,0,0.0302,0,1,973,10
71,0000-00-00,40,22261.31,0,0,145.17,1425.6,0,0.0302,0,1,974,11
71,0000-00-00,33,22261.31,0,0,145.76,1481.62,0,0.0302,0,1,975,12
72,0000-00-00,33,23266.26,0,125.49,150.49,58.97,150.49,0.0377,0,1,976,0
72,0000-00-00,33,23266.26,0,0,153.05,132.06,150.49,0.0377,0,1,977,1
72,0000-00-00,33,23266.26,0,0,153.58,205.16,150.49,0.0377,0,1,978,2
72,0000-00-00,33,23266.26,0,0,154.11,278.25,150.49,0.0377,0,1,979,3
72,0000-00-00,33,23266.26,0,0,154.65,351.35,150.49,0.0377,0,1,980,4
72,0000-00-00,33,23266.26,0,0,155.19,424.44,150.49,0.0377,0,1,981,5
72,0000-00-00,33,23266.26,0,0,155.74,497.54,150.49,0.0377,0,1,982,6
72,0000-00-00,33,23266.26,0,0,156.3,570.63,150.49,0.0377,0,1,983,7
72,0000-00-00,33,23266.26,0,0,156.86,643.73,150.49,0.0377,0,1,984,8
72,0000-00-00,33,23266.26,0,0,157.42,716.82,150.49,0.0377,0,1,985,9
72,0000-00-00,33,23266.26,0,0,158,789.92,150.49,0.0377,0,1,986,10
72,0000-00-00,33,23266.26,0,0,158.58,863.01,150.49,0.0377,0,1,987,11
72,0000-00-00,33,23266.26,0,0,159.16,936.11,150.49,0.0377,0,1,988,12
73,0000-00-00,33,7294.87,0,0,50,42.22,50,0.0302,0,1,989,0
73,0000-00-00,30,7337.09,63.89,36.55,50.45,0,50,0.0302,0,1,990,1
73,0000-00-00,33,7273.197525,0,0,50.96,18.47,50,0.0302,0,1,991,2
73,0000-00-00,30,7291.662534,64.69,36.5,50.74,0,50,0.0302,0,1,992,3
73,0000-00-00,33,7226.972214,0,0,51.1,18.35,50,0.0302,0,1,993,4
73,0000-00-00,30,7245.322898,65.29,36.33,50.88,0,50,0.0302,0,1,994,5
73,0000-00-00,33,7180.030915,0,0,51.24,18.23,50,0.0302,0,1,995,6
73,0000-00-00,30,7198.264977,65.79,36.09,51.01,0,50,0.0302,0,1,996,7
73,0000-00-00,33,7132.473821,0,0,51.37,18.12,50,0.0302,0,1,997,8
73,0000-00-00,30,7150.589454,66.29,35.85,51.14,0,50,0.0302,0,1,998,9
73,0000-00-00,33,7084.295725,0,0,51.51,18,50,0.0302,0,1,999,10
73,0000-00-00,30,7102.291375,66.8,35.61,51.27,0,50,0.0302,0,1,1000,11
17306,0000-00-00,73,5973.26,0,0,50,1074.95,50,0.0627,0,1,1,0
17306,0000-00-00,73,5973.26,0,0,50.29,1106.16,50,0.0627,0,1,2,1
17306,0000-00-00,73,5973.26,0,0,50.45,1137.37,50,0.0627,0,1,3,2
17306,0000-00-00,73,5973.26,0,0,50.61,1168.58,50,0.0627,0,1,4,3
17306,0000-00-00,73,5973.26,0,0,50.77,1199.79,50,0.0627,0,1,5,4
17306,0000-00-00,73,5973.26,0,0,50.94,1231,50,0.0627,0,1,6,5
17306,0000-00-00,73,5973.26,0,0,51.11,1262.21,50,0.0627,0,1,7,6
17306,0000-00-00,33,5973.26,0,0,51.28,1293.42,50,0.0627,0,1,8,7
17306,0000-00-00,33,5973.26,0,0,51.45,1324.63,50,0.0627,0,1,9,8
17306,0000-00-00,33,5973.26,0,0,51.63,1355.84,50,0.0627,0,1,10,9
17306,0000-00-00,33,5973.26,0,0,51.81,1387.05,50,0.0627,0,1,11,10
17306,0000-00-00,33,5973.26,0,0,51.99,1418.26,50,0.0627,0,1,12,11
17306,0000-00-00,33,5973.26,0,0,52.17,1449.47,50,0.0627,0,1,13,12
17307,0000-00-00,90,0,0,0,0,0,0,0,0,1,14,0
17307,0000-00-00,90,0,0,0,50,0,0,0,0,1,15,1
17307,0000-00-00,90,0,0,0,50,0,0,0,0,1,16,2
17307,0000-00-00,90,0,0,0,50,0,0,0,0,1,17,3
17307,0000-00-00,90,0,0,0,50,0,0,0,0,1,18,4
17307,0000-00-00,90,0,0,0,50,0,0,0,0,1,19,5
17307,0000-00-00,90,0,0,0,50,0,0,0,0,1,20,6
17307,0000-00-00,90,0,0,0,50,0,0,0,0,1,21,7
17307,0000-00-00,90,0,0,0,50,0,0,0,0,1,22,8
17307,0000-00-00,90,0,0,0,50,0,0,0,0,1,23,9
17307,0000-00-00,90,0,0,0,50,0,0,0,0,1,24,10
17307,0000-00-00,90,0,0,0,50,0,0,0,0,1,25,11
17307,0000-00-00,90,0,0,0,50,0,0,0,0,1,26,12
17308,0000-00-00,90,0,0,0,0,0,0,0,0,1,27,0
17308,0000-00-00,90,0,0,0,50,0,0,0,0,1,28,1
17308,0000-00-00,90,0,0,0,50,0,0,0,0,1,29,2
17308,0000-00-00,90,0,0,0,50,0,0,0,0,1,30,3
17308,0000-00-00,90,0,0,0,50,0,0,0,0,1,31,4
17308,0000-00-00,90,0,0,0,50,0,0,0,0,1,32,5
17308,0000-00-00,90,0,0,0,50,0,0,0,0,1,33,6
17308,0000-00-00,90,0,0,0,50,0,0,0,0,1,34,7
17308,0000-00-00,90,0,0,0,50,0,0,0,0,1,35,8
17308,0000-00-00,90,0,0,0,50,0,0,0,0,1,36,9
17308,0000-00-00,90,0,0,0,50,0,0,0,0,1,37,10
17308,0000-00-00,90,0,0,0,50,0,0,0,0,1,38,11
17308,0000-00-00,90,0,0,0,50,0,0,0,0,1,39,12
17309,0000-00-00,30,10059.36,182.58,17.42,64.08,14.25,64.08,0.0207,135.92,1,40,0
17309,0000-00-00,30,9876.78,44.79,17.35,62.14,14.25,64.08,0.0207,0,1,41,1
17309,0000-00-00,30,9831.993862,44.25,17.04,61.28,14.25,64.08,0.0207,0,1,42,2
17309,0000-00-00,30,9787.747758,44.32,16.96,61.28,14.25,64.08,0.0207,0,1,43,3
17309,0000-00-00,30,9743.427765,44.4,16.88,61.28,14.25,64.08,0.0207,0,1,44,4
17309,0000-00-00,30,9699.030984,44.47,16.81,61.28,14.25,64.08,0.0207,0,1,45,5
17309,0000-00-00,30,9654.557268,44.55,16.73,61.28,14.25,64.08,0.0207,0,1,46,6
17309,0000-00-00,30,9610.006481,44.63,16.65,61.28,14.25,64.08,0.0207,0,1,47,7
17309,0000-00-00,30,9565.378488,44.71,16.58,61.28,14.25,64.08,0.0207,0,1,48,8
17309,0000-00-00,30,9520.673153,44.78,16.5,61.28,14.25,64.08,0.0207,0,1,49,9
17309,0000-00-00,30,9475.890339,44.86,16.42,61.28,14.25,64.08,0.0207,0,1,50,10
17309,0000-00-00,30,9431.02991,44.94,16.35,61.28,14.25,64.08,0.0207,0,1,51,11
17309,0000-00-00,30,9386.091728,45.02,16.27,61.28,14.25,64.08,0.0207,0,1,52,12
17310,0000-00-00,73,1285.03,0,0,10.12,463.02,10.12,0.1027,0,1,53,0
17310,0000-00-00,33,1285.03,0,0,51.81,474.02,10.12,0.1027,0,1,54,1
17310,0000-00-00,33,1285.03,0,0,53.51,485.02,10.12,0.1027,0,1,55,2
17310,0000-00-00,33,1285.03,0,0,55.34,496.01,10.12,0.1027,0,1,56,3
17310,0000-00-00,33,1285.03,0,0,57.31,507.01,10.12,0.1027,0,1,57,4
17310,0000-00-00,33,1285.03,0,0,59.46,518.01,10.12,0.1027,0,1,58,5
17310,0000-00-00,33,1285.03,0,0,61.79,529.01,10.12,0.1027,0,1,59,6
17310,0000-00-00,33,1285.03,0,0,64.33,540,10.12,0.1027,0,1,60,7
17310,0000-00-00,33,1285.03,0,0,67.12,551,10.12,0.1027,0,1,61,8
17310,0000-00-00,33,1285.03,0,0,70.18,562,10.12,0.1027,0,1,62,9
17310,0000-00-00,33,1285.03,0,0,73.57,573,10.12,0.1027,0,1,63,10
17310,0000-00-00,33,1285.03,0,0,77.33,583.99,10.12,0.1027,0,1,64,11
17310,0000-00-00,33,1285.03,0,0,81.54,594.99,10.12,0.1027,0,1,65,12
17311,0000-00-00,33,12726.78,0,279.54,137.3,314.75,137.3,0.1027,242.24,1,66,0
17311,0000-00-00,33,12726.78,0,0,138.87,423.67,137.3,0.1027,242.24,1,67,1
17311,0000-00-00,33,12726.78,0,0,139.2,532.59,137.3,0.1027,242.24,1,68,2
17311,0000-00-00,33,12726.78,0,0,139.53,641.51,137.3,0.1027,242.24,1,69,3
17311,0000-00-00,33,12726.78,0,0,139.87,750.43,137.3,0.1027,242.24,1,70,4
17311,0000-00-00,33,12726.78,0,0,140.21,859.35,137.3,0.1027,242.24,1,71,5
17311,0000-00-00,33,12726.78,0,0,140.55,968.27,137.3,0.1027,242.24,1,72,6
17311,0000-00-00,33,12726.78,0,0,140.91,1077.19,137.3,0.1027,242.24,1,73,7
17311,0000-00-00,33,12726.78,0,0,141.26,1186.11,137.3,0.1027,242.24,1,74,8
17311,0000-00-00,33,12726.78,0,0,141.62,1295.03,137.3,0.1027,242.24,1,75,9
17311,0000-00-00,33,12726.78,0,0,141.98,1403.95,137.3,0.1027,242.24,1,76,10
17311,0000-00-00,33,12726.78,0,0,142.35,1512.87,137.3,0.1027,242.24,1,77,11
17311,0000-00-00,33,12726.78,0,0,142.73,1621.79,137.3,0.1027,242.24,1,78,12
17312,0000-00-00,30,21699.79,0,0,327.05,15.98,327.05,0.0207,0,1,79,0
17312,0000-00-00,30,21699.79,100.95,37.43,138.38,15.98,327.05,0.0207,0,1,80,1
17312,0000-00-00,30,21598.84351,101.59,37.43,139.03,15.98,327.05,0.0207,0,1,81,2
17312,0000-00-00,30,21497.25029,101.77,37.26,139.03,15.98,327.05,0.0207,0,1,82,3
17312,0000-00-00,30,21395.47877,101.95,37.08,139.03,15.98,327.05,0.0207,0,1,83,4
17312,0000-00-00,30,21293.53084,102.12,36.91,139.03,15.98,327.05,0.0207,0,1,84,5
17312,0000-00-00,30,21191.40622,102.3,36.73,139.03,15.98,327.05,0.0207,0,1,85,6
17312,0000-00-00,30,21089.10458,102.48,36.56,139.03,15.98,327.05,0.0207,0,1,86,7
17312,0000-00-00,30,20986.62561,102.66,36.38,139.04,15.98,327.05,0.0207,0,1,87,8
17312,0000-00-00,30,20883.96901,102.83,36.2,139.04,15.98,327.05,0.0207,0,1,88,9
17312,0000-00-00,30,20781.13445,103.01,36.02,139.04,15.98,327.05,0.0207,0,1,89,10
17312,0000-00-00,30,20678.12162,103.19,35.85,139.04,15.98,327.05,0.0207,0,1,90,11
17312,0000-00-00,30,20574.93021,103.37,35.67,139.04,15.98,327.05,0.0207,0,1,91,12
17313,0000-00-00,30,3799.17,42.3,7.7,50,5.51,50,0.0277,0,1,92,0
17313,0000-00-00,90,0,3790.5,8.67,50.91,14.28,50,0.0277,3748.26,1,93,1
17313,0000-00-00,90,0,0,0,50,14.28,50,0.0277,-50,1,94,2
17313,0000-00-00,90,0,0,0,50,14.28,50,0.0277,-50,1,95,3
17313,0000-00-00,90,0,0,0,50,14.28,50,0.0277,-50,1,96,4
17313,0000-00-00,90,0,0,0,50,14.28,50,0.0277,-50,1,97,5
17313,0000-00-00,90,0,0,0,50,14.28,50,0.0277,-50,1,98,6
17313,0000-00-00,90,0,0,0,50,14.28,50,0.0277,-50,1,99,7
17313,0000-00-00,90,0,0,0,50,14.28,50,0.0277,-50,1,100,8
17313,0000-00-00,90,0,0,0,50,14.28,50,0.0277,-50,1,101,9
17313,0000-00-00,90,0,0,0,50,14.28,50,0.0277,-50,1,102,10
17313,0000-00-00,90,0,0,0,50,14.28,50,0.0277,-50,1,103,11
17313,0000-00-00,90,0,0,0,50,14.28,50,0.0277,-50,1,104,12
17314,0000-00-00,30,1889.08,42.68,7.32,50,5.18,50,0.0502,0,1,105,0
17314,0000-00-00,90,0,1881.36,7.72,51.39,13.08,50,0.0502,1837.69,1,106,1
17314,0000-00-00,90,0,0,0,50,13.08,50,0.0502,-50,1,107,2
17314,0000-00-00,90,0,0,0,50,13.08,50,0.0502,-50,1,108,3
17314,0000-00-00,90,0,0,0,50,13.08,50,0.0502,-50,1,109,4
17314,0000-00-00,90,0,0,0,50,13.08,50,0.0502,-50,1,110,5
17314,0000-00-00,90,0,0,0,50,13.08,50,0.0502,-50,1,111,6
17314,0000-00-00,90,0,0,0,50,13.08,50,0.0502,-50,1,112,7
17314,0000-00-00,90,0,0,0,50,13.08,50,0.0502,-50,1,113,8
17314,0000-00-00,90,0,0,0,50,13.08,50,0.0502,-50,1,114,9
17314,0000-00-00,90,0,0,0,50,13.08,50,0.0502,-50,1,115,10
17314,0000-00-00,90,0,0,0,50,13.08,50,0.0502,-50,1,116,11
17314,0000-00-00,90,0,0,0,50,13.08,50,0.0502,-50,1,117,12
17315,0000-00-00,73,11775.05,0,0,127.03,6068.51,127.03,0.1027,0,1,118,0
17315,0000-00-00,73,11775.05,0,0,128.49,6169.28,127.03,0.1027,0,1,119,1
17315,0000-00-00,73,11775.05,0,0,128.79,6270.06,127.03,0.1027,0,1,120,2
17315,0000-00-00,73,11775.05,0,0,129.1,6370.83,127.03,0.1027,0,1,121,3
17315,0000-00-00,73,11775.05,0,0,129.41,6471.61,127.03,0.1027,0,1,122,4
17315,0000-00-00,73,11775.05,0,0,129.72,6572.38,127.03,0.1027,0,1,123,5
17315,0000-00-00,73,11775.05,0,0,130.04,6673.16,127.03,0.1027,0,1,124,6
17315,0000-00-00,33,11775.05,0,0,130.37,6773.93,127.03,0.1027,0,1,125,7
17315,0000-00-00,33,11775.05,0,0,130.7,6874.71,127.03,0.1027,0,1,126,8
17315,0000-00-00,33,11775.05,0,0,131.03,6975.48,127.03,0.1027,0,1,127,9
17315,0000-00-00,33,11775.05,0,0,131.37,7076.26,127.03,0.1027,0,1,128,10
17315,0000-00-00,33,11775.05,0,0,131.71,7177.03,127.03,0.1027,0,1,129,11
17315,0000-00-00,33,11775.05,0,0,132.06,7277.81,127.03,0.1027,0,1,130,12
17316,0000-00-00,73,2433.14,0,0,50,481.04,50,0.0377,0,1,131,0
17316,0000-00-00,73,2433.14,0,0,51.71,488.68,50,0.0377,0,1,132,1
17316,0000-00-00,73,2433.14,0,0,52.66,496.33,50,0.0377,0,1,133,2
17316,0000-00-00,73,2433.14,0,0,53.65,503.97,50,0.0377,0,1,134,3
17316,0000-00-00,73,2433.14,0,0,54.69,511.62,50,0.0377,0,1,135,4
17316,0000-00-00,73,2433.14,0,0,55.77,519.26,50,0.0377,0,1,136,5
17316,0000-00-00,73,2433.14,0,0,56.89,526.9,50,0.0377,0,1,137,6
17316,0000-00-00,33,2433.14,0,0,58.07,534.55,50,0.0377,0,1,138,7
17316,0000-00-00,33,2433.14,0,0,59.3,542.19,50,0.0377,0,1,139,8
17316,0000-00-00,33,2433.14,0,0,60.58,549.84,50,0.0377,0,1,140,9
17316,0000-00-00,33,2433.14,0,0,61.93,557.48,50,0.0377,0,1,141,10
17316,0000-00-00,33,2433.14,0,0,63.34,565.13,50,0.0377,0,1,142,11
17316,0000-00-00,33,2433.14,0,0,64.83,572.77,50,0.0377,0,1,143,12
17317,0000-00-00,73,6392.42,0,0,50,1029.48,50,0.0302,0,1,144,0
17317,0000-00-00,73,6392.42,0,0,50.39,1045.57,50,0.0302,0,1,145,1
17317,0000-00-00,73,6392.42,0,0,50.66,1061.66,50,0.0302,0,1,146,2
17317,0000-00-00,73,6392.42,0,0,50.94,1077.74,50,0.0302,0,1,147,3
17317,0000-00-00,73,6392.42,0,0,51.22,1093.83,50,0.0302,0,1,148,4
17317,0000-00-00,73,6392.42,0,0,51.5,1109.92,50,0.0302,0,1,149,5
17317,0000-00-00,73,6392.42,0,0,51.79,1126.01,50,0.0302,0,1,150,6
17317,0000-00-00,33,6392.42,0,0,52.08,1142.09,50,0.0302,0,1,151,7
17317,0000-00-00,33,6392.42,0,0,52.37,1158.18,50,0.0302,0,1,152,8
17317,0000-00-00,33,6392.42,0,0,52.67,1174.27,50,0.0302,0,1,153,9
17317,0000-00-00,33,6392.42,0,0,52.98,1190.36,50,0.0302,0,1,154,10
17317,0000-00-00,33,6392.42,0,0,53.28,1206.44,50,0.0302,0,1,155,11
17317,0000-00-00,33,6392.42,0,0,53.59,1222.53,50,0.0302,0,1,156,12
17318,0000-00-00,30,11686.27,9.5,87.58,97.08,32.01,97.08,0.0667,0,1,157,0
17318,0000-00-00,30,11676.77,32.26,64.96,97.22,32.01,97.08,0.0667,0,1,158,1
17318,0000-00-00,33,11644.50693,0,0,97.41,96.91,97.08,0.0667,0,1,159,2
17318,0000-00-00,30,11741.42031,65.31,129.32,97.41,0,97.08,0.0667,0,1,160,3
17318,0000-00-00,30,11676.11047,33.24,65.26,98.5,0,97.08,0.0667,0,1,161,4
17318,0000-00-00,30,11642.87481,33.33,64.9,98.23,0,97.08,0.0667,0,1,162,5
17318,0000-00-00,33,11609.54597,0,0,98.23,64.71,97.08,0.0667,0,1,163,6
17318,0000-00-00,30,11674.26095,67.4,129.06,98.23,0,97.08,0.0667,0,1,164,7
17318,0000-00-00,30,11606.85939,34.18,64.89,99.07,0,97.08,0.0667,0,1,165,8
17318,0000-00-00,30,11572.68277,34.27,64.51,98.78,0,97.08,0.0667,0,1,166,9
17318,0000-00-00,30,11538.41427,34.46,64.32,98.78,0,97.08,0.0667,0,1,167,10
17318,0000-00-00,33,11503.95503,0,0,98.79,64.13,97.08,0.0667,0,1,168,11
17318,0000-00-00,30,11568.08939,69.69,127.88,98.79,0,97.08,0.0667,0,1,169,12
17319,0000-00-00,33,7700.56,0,50,99.3,274.96,99.3,0.1427,0.7,1,170,0
17319,0000-00-00,33,7700.56,0,0,99.81,366.53,99.3,0.1427,0.7,1,171,1
17319,0000-00-00,33,7700.56,0,0,99.92,458.1,99.3,0.1427,0.7,1,172,2
17319,0000-00-00,33,7700.56,0,0,100.03,549.68,99.3,0.1427,0.7,1,173,3
17319,0000-00-00,33,7700.56,0,0,100.14,641.25,99.3,0.1427,0.7,1,174,4
17319,0000-00-00,33,7700.56,0,0,100.25,732.82,99.3,0.1427,0.7,1,175,5
17319,0000-00-00,33,7700.56,0,0,100.36,824.39,99.3,0.1427,0.7,1,176,6
17319,0000-00-00,33,7700.56,0,0,100.48,915.97,99.3,0.1427,0.7,1,177,7
17319,0000-00-00,33,7700.56,0,0,100.59,1007.54,99.3,0.1427,0.7,1,178,8
17319,0000-00-00,33,7700.56,0,0,100.71,1099.11,99.3,0.1427,0.7,1,179,9
17319,0000-00-00,33,7700.56,0,0,100.83,1190.68,99.3,0.1427,0.7,1,180,10
17319,0000-00-00,33,7700.56,0,0,100.95,1282.26,99.3,0.1427,0.7,1,181,11
17319,0000-00-00,33,7700.56,0,0,101.08,1373.83,99.3,0.1427,0.7,1,182,12
17320,0000-00-00,33,37088.65,0,0,243.98,137.81,243.98,0.0377,0,1,183,0
17320,0000-00-00,33,37088.65,0,0,246.52,254.33,243.98,0.0377,0,1,184,1
17320,0000-00-00,33,37088.65,0,0,247.39,370.85,243.98,0.0377,0,1,185,2
17320,0000-00-00,33,37088.65,0,0,248.27,487.37,243.98,0.0377,0,1,186,3
17320,0000-00-00,33,37088.65,0,0,249.15,603.89,243.98,0.0377,0,1,187,4
17320,0000-00-00,33,37088.65,0,0,250.05,720.41,243.98,0.0377,0,1,188,5
17320,0000-00-00,33,37088.65,0,0,250.95,836.93,243.98,0.0377,0,1,189,6
17320,0000-00-00,33,37088.65,0,0,251.86,953.45,243.98,0.0377,0,1,190,7
17320,0000-00-00,33,37088.65,0,0,252.79,1069.97,243.98,0.0377,0,1,191,8
17320,0000-00-00,40,37088.65,0,0,253.72,1186.49,243.98,0.0377,0,1,192,9
17320,0000-00-00,40,37088.65,0,0,254.66,1303.01,243.98,0.0377,0,1,193,10
17320,0000-00-00,40,37088.65,0,0,255.61,1419.53,243.98,0.0377,0,1,194,11
17320,0000-00-00,33,37088.65,0,0,256.57,1536.05,243.98,0.0377,0,1,195,12
17321,0000-00-00,30,3295.95,39.92,10.08,50,5.34,50,0.0394,0,1,196,0
17321,0000-00-00,30,3256.03,40.03,10.82,50.85,5.34,50,0.0394,0,1,197,1
17321,0000-00-00,30,3216.001182,40.16,10.69,50.85,5.34,50,0.0394,0,1,198,2
17321,0000-00-00,30,3175.839593,40.3,10.56,50.85,5.34,50,0.0394,0,1,199,3
17321,0000-00-00,30,3135.544477,40.43,10.43,50.86,5.34,50,0.0394,0,1,200,4
17321,0000-00-00,30,3095.115359,40.56,10.3,50.86,5.34,50,0.0394,0,1,201,5
17321,0000-00-00,30,3054.551766,40.7,10.16,50.86,5.34,50,0.0394,0,1,202,6
17321,0000-00-00,30,3013.85322,40.83,10.03,50.86,5.34,50,0.0394,0,1,203,7
17321,0000-00-00,30,2973.019243,40.97,9.9,50.87,5.34,50,0.0394,0,1,204,8
17321,0000-00-00,30,2932.049354,41.11,9.76,50.87,5.34,50,0.0394,0,1,205,9
17321,0000-00-00,30,2890.943067,41.24,9.63,50.87,5.34,50,0.0394,0,1,206,10
17321,0000-00-00,30,2849.699896,41.38,9.49,50.87,5.34,50,0.0394,0,1,207,11
17321,0000-00-00,30,2808.319351,41.52,9.36,50.87,5.34,50,0.0394,0,1,208,12
17322,0000-00-00,30,658.22,46.62,3.38,50,1.7,50,0.0627,0,1,209,0
17322,0000-00-00,33,611.6,0,0,56.73,5.14,50,0.0627,0,1,210,1
17322,0000-00-00,30,616.7391995,101.38,5.98,57.36,0,50,0.0627,0,1,211,2
17322,0000-00-00,30,515.3622718,60.24,3.22,63.46,0,50,0.0627,0,1,212,3
17322,0000-00-00,30,455.1246058,56.08,2.69,58.77,0,50,0.0627,0,1,213,4
17322,0000-00-00,30,399.0485224,55.86,2.38,58.24,0,50,0.0627,0,1,214,5
17322,0000-00-00,30,343.1902005,56.12,2.09,58.2,0,50,0.0627,0,1,215,6
17322,0000-00-00,30,287.0706435,56.46,1.79,58.25,0,50,0.0627,0,1,216,7
17322,0000-00-00,30,230.6148878,56.82,1.5,58.32,0,50,0.0627,0,1,217,8
17322,0000-00-00,30,173.79761,57.2,1.2,58.41,0,50,0.0627,0,1,218,9
17322,0000-00-00,30,116.5937868,57.63,0.91,58.54,0,50,0.0627,0,1,219,10
17322,0000-00-00,30,58.96289598,58.14,0.61,58.75,0,50,0.0627,0,1,220,11
17322,0000-00-00,30,0.8179063642,58.96,0.31,59.27,0,50,0.0627,0,1,221,12
17323,0000-00-00,30,7173.36,27.81,22.19,50,11.84,50,0.0402,0,1,222,0
17323,0000-00-00,30,7145.55,26.31,24.03,50.34,11.84,50,0.0402,0,1,223,1
17323,0000-00-00,30,7119.23713,26.4,23.94,50.33,11.84,50,0.0402,0,1,224,2
17323,0000-00-00,30,7092.841642,26.48,23.85,50.33,11.84,50,0.0402,0,1,225,3
17323,0000-00-00,30,7066.357422,26.57,23.76,50.33,11.84,50,0.0402,0,1,226,4
17323,0000-00-00,30,7039.784147,26.66,23.67,50.33,11.84,50,0.0402,0,1,227,5
17323,0000-00-00,30,7013.121516,26.75,23.58,50.34,11.84,50,0.0402,0,1,228,6
17323,0000-00-00,30,6986.369226,26.84,23.49,50.34,11.84,50,0.0402,0,1,229,7
17323,0000-00-00,30,6959.526972,26.93,23.4,50.34,11.84,50,0.0402,0,1,230,8
17323,0000-00-00,30,6932.59445,27.02,23.31,50.34,11.84,50,0.0402,0,1,231,9
17323,0000-00-00,30,6905.571353,27.11,23.22,50.34,11.84,50,0.0402,0,1,232,10
17323,0000-00-00,30,6878.457375,27.21,23.13,50.34,11.84,50,0.0402,0,1,233,11
17323,0000-00-00,30,6851.252207,27.3,23.04,50.34,11.84,50,0.0402,0,1,234,12
17324,0000-00-00,30,6918.16,33.91,16.09,50,8.58,50,0.0302,0,1,235,0
17324,0000-00-00,30,6884.25,32.9,17.41,50.31,8.58,50,0.0302,0,1,236,1
17324,0000-00-00,30,6851.353536,32.97,17.33,50.3,8.58,50,0.0302,0,1,237,2
17324,0000-00-00,30,6818.379138,33.06,17.24,50.3,8.58,50,0.0302,0,1,238,3
17324,0000-00-00,30,6785.321377,33.14,17.16,50.3,8.58,50,0.0302,0,1,239,4
17324,0000-00-00,30,6752.180017,33.23,17.08,50.3,8.58,50,0.0302,0,1,240,5
17324,0000-00-00,30,6718.954841,33.31,16.99,50.3,8.58,50,0.0302,0,1,241,6
17324,0000-00-00,30,6685.645635,33.39,16.91,50.3,8.58,50,0.0302,0,1,242,7
17324,0000-00-00,30,6652.252183,33.48,16.83,50.3,8.58,50,0.0302,0,1,243,8
17324,0000-00-00,30,6618.774269,33.56,16.74,50.3,8.58,50,0.0302,0,1,244,9
17324,0000-00-00,30,6585.211677,33.65,16.66,50.3,8.58,50,0.0302,0,1,245,10
17324,0000-00-00,30,6551.564187,33.73,16.57,50.31,8.58,50,0.0302,0,1,246,11
17324,0000-00-00,30,6517.831584,33.82,16.49,50.31,8.58,50,0.0302,0,1,247,12
17325,0000-00-00,90,0,0,0,0,0,0,0,0,1,248,0
17325,0000-00-00,90,0,0,0,50,0,0,0,0,1,249,1
17325,0000-00-00,90,0,0,0,50,0,0,0,0,1,250,2
17325,0000-00-00,90,0,0,0,50,0,0,0,0,1,251,3
17325,0000-00-00,90,0,0,0,50,0,0,0,0,1,252,4
17325,0000-00-00,90,0,0,0,50,0,0,0,0,1,253,5
17325,0000-00-00,90,0,0,0,50,0,0,0,0,1,254,6
17325,0000-00-00,90,0,0,0,50,0,0,0,0,1,255,7
17325,0000-00-00,90,0,0,0,50,0,0,0,0,1,256,8
17325,0000-00-00,90,0,0,0,50,0,0,0,0,1,257,9
17325,0000-00-00,90,0,0,0,50,0,0,0,0,1,258,10
17325,0000-00-00,90,0,0,0,50,0,0,0,0,1,259,11
17325,0000-00-00,90,0,0,0,50,0,0,0,0,1,260,12
