LOANID,MONTHEND,loan_status,PRIN_BAL,month,CURR_MO_PRIN_PD,CUR_DUE_AMT,IRB,PAST_DUE_AMTpif,INT_RATEpif,period,studentfutureid,PassId,CURR_MO_INT_PD
17306,0000-00-00,73,5973.26,0,0,50,1074.95,50,0.0627,1,1,0,0
17306,0000-00-00,73,5973.26,1,0,50.29,1106.16,50,0.0627,2,1,0,0
17306,0000-00-00,73,5973.26,2,0,50.45,1137.37,50,0.0627,3,1,0,0
17306,0000-00-00,73,5973.26,3,0,50.61,1168.58,50,0.0627,4,1,0,0
17306,0000-00-00,73,5973.26,4,0,50.77,1199.79,50,0.0627,5,1,0,0
17306,0000-00-00,73,5973.26,5,0,50.94,1231,50,0.0627,6,1,0,0
17306,0000-00-00,73,5973.26,6,0,51.11,1262.21,50,0.0627,7,1,0,0
17306,0000-00-00,33,5973.26,7,0,51.28,1293.42,50,0.0627,8,1,0,0
17306,0000-00-00,33,5973.26,8,0,51.45,1324.63,50,0.0627,9,1,0,0
17306,0000-00-00,33,5973.26,9,0,51.63,1355.84,50,0.0627,10,1,0,0
17306,0000-00-00,33,5973.26,10,0,51.81,1387.05,50,0.0627,11,1,0,0
17306,0000-00-00,33,5973.26,11,0,51.99,1418.26,50,0.0627,12,1,0,0
17306,0000-00-00,33,5973.26,12,0,52.17,1449.47,50,0.0627,13,1,0,0
17307,0000-00-00,90,0,0,0,0,0,0,0,14,1,0,0
17307,0000-00-00,90,0,1,0,50,0,0,0,15,1,0,0
17307,0000-00-00,90,0,2,0,50,0,0,0,16,1,0,0
17307,0000-00-00,90,0,3,0,50,0,0,0,17,1,0,0
17307,0000-00-00,90,0,4,0,50,0,0,0,18,1,0,0
17307,0000-00-00,90,0,5,0,50,0,0,0,19,1,0,0
17307,0000-00-00,90,0,6,0,50,0,0,0,20,1,0,0
17307,0000-00-00,90,0,7,0,50,0,0,0,21,1,0,0
17307,0000-00-00,90,0,8,0,50,0,0,0,22,1,0,0
17307,0000-00-00,90,0,9,0,50,0,0,0,23,1,0,0
17307,0000-00-00,90,0,10,0,50,0,0,0,24,1,0,0
17307,0000-00-00,90,0,11,0,50,0,0,0,25,1,0,0
17307,0000-00-00,90,0,12,0,50,0,0,0,26,1,0,0
17308,0000-00-00,90,0,0,0,0,0,0,0,27,1,0,0
17308,0000-00-00,90,0,1,0,50,0,0,0,28,1,0,0
17308,0000-00-00,90,0,2,0,50,0,0,0,29,1,0,0
17308,0000-00-00,90,0,3,0,50,0,0,0,30,1,0,0
17308,0000-00-00,90,0,4,0,50,0,0,0,31,1,0,0
17308,0000-00-00,90,0,5,0,50,0,0,0,32,1,0,0
17308,0000-00-00,90,0,6,0,50,0,0,0,33,1,0,0
17308,0000-00-00,90,0,7,0,50,0,0,0,34,1,0,0
17308,0000-00-00,90,0,8,0,50,0,0,0,35,1,0,0
17308,0000-00-00,90,0,9,0,50,0,0,0,36,1,0,0
17308,0000-00-00,90,0,10,0,50,0,0,0,37,1,0,0
17308,0000-00-00,90,0,11,0,50,0,0,0,38,1,0,0
17308,0000-00-00,90,0,12,0,50,0,0,0,39,1,0,0
17309,0000-00-00,30,10059.36,0,182.58,64.08,14.25,64.08,0.0207,40,1,135.92,17.42
17309,0000-00-00,30,9876.78,1,44.79,62.14,14.25,64.08,0.0207,41,1,0,17.35
17309,0000-00-00,30,9831.993862,2,44.25,61.28,14.25,64.08,0.0207,42,1,0,17.04
17309,0000-00-00,30,9787.747758,3,44.32,61.28,14.25,64.08,0.0207,43,1,0,16.96
17309,0000-00-00,30,9743.427765,4,44.4,61.28,14.25,64.08,0.0207,44,1,0,16.88
17309,0000-00-00,30,9699.030984,5,44.47,61.28,14.25,64.08,0.0207,45,1,0,16.81
17309,0000-00-00,30,9654.557268,6,44.55,61.28,14.25,64.08,0.0207,46,1,0,16.73
17309,0000-00-00,30,9610.006481,7,44.63,61.28,14.25,64.08,0.0207,47,1,0,16.65
17309,0000-00-00,30,9565.378488,8,44.71,61.28,14.25,64.08,0.0207,48,1,0,16.58
17309,0000-00-00,30,9520.673153,9,44.78,61.28,14.25,64.08,0.0207,49,1,0,16.5
17309,0000-00-00,30,9475.890339,10,44.86,61.28,14.25,64.08,0.0207,50,1,0,16.42
17309,0000-00-00,30,9431.02991,11,44.94,61.28,14.25,64.08,0.0207,51,1,0,16.35
17309,0000-00-00,30,9386.091728,12,45.02,61.28,14.25,64.08,0.0207,52,1,0,16.27
17310,0000-00-00,73,1285.03,0,0,10.12,463.02,10.12,0.1027,53,1,0,0
17310,0000-00-00,33,1285.03,1,0,51.81,474.02,10.12,0.1027,54,1,0,0
17310,0000-00-00,33,1285.03,2,0,53.51,485.02,10.12,0.1027,55,1,0,0
17310,0000-00-00,33,1285.03,3,0,55.34,496.01,10.12,0.1027,56,1,0,0
17310,0000-00-00,33,1285.03,4,0,57.31,507.01,10.12,0.1027,57,1,0,0
17310,0000-00-00,33,1285.03,5,0,59.46,518.01,10.12,0.1027,58,1,0,0
17310,0000-00-00,33,1285.03,6,0,61.79,529.01,10.12,0.1027,59,1,0,0
17310,0000-00-00,33,1285.03,7,0,64.33,540,10.12,0.1027,60,1,0,0
17310,0000-00-00,33,1285.03,8,0,67.12,551,10.12,0.1027,61,1,0,0
17310,0000-00-00,33,1285.03,9,0,70.18,562,10.12,0.1027,62,1,0,0
17310,0000-00-00,33,1285.03,10,0,73.57,573,10.12,0.1027,63,1,0,0
17310,0000-00-00,33,1285.03,11,0,77.33,583.99,10.12,0.1027,64,1,0,0
17310,0000-00-00,33,1285.03,12,0,81.54,594.99,10.12,0.1027,65,1,0,0
17311,0000-00-00,33,12726.78,0,0,137.3,314.75,137.3,0.1027,66,1,242.24,279.54
17311,0000-00-00,33,12726.78,1,0,138.87,423.67,137.3,0.1027,67,1,242.24,0
17311,0000-00-00,33,12726.78,2,0,139.2,532.59,137.3,0.1027,68,1,242.24,0
17311,0000-00-00,33,12726.78,3,0,139.53,641.51,137.3,0.1027,69,1,242.24,0
17311,0000-00-00,33,12726.78,4,0,139.87,750.43,137.3,0.1027,70,1,242.24,0
17311,0000-00-00,33,12726.78,5,0,140.21,859.35,137.3,0.1027,71,1,242.24,0
17311,0000-00-00,33,12726.78,6,0,140.55,968.27,137.3,0.1027,72,1,242.24,0
17311,0000-00-00,33,12726.78,7,0,140.91,1077.19,137.3,0.1027,73,1,242.24,0
17311,0000-00-00,33,12726.78,8,0,141.26,1186.11,137.3,0.1027,74,1,242.24,0
17311,0000-00-00,33,12726.78,9,0,141.62,1295.03,137.3,0.1027,75,1,242.24,0
17311,0000-00-00,33,12726.78,10,0,141.98,1403.95,137.3,0.1027,76,1,242.24,0
17311,0000-00-00,33,12726.78,11,0,142.35,1512.87,137.3,0.1027,77,1,242.24,0
17311,0000-00-00,33,12726.78,12,0,142.73,1621.79,137.3,0.1027,78,1,242.24,0
17312,0000-00-00,30,21699.79,0,0,327.05,15.98,327.05,0.0207,79,1,0,0
17312,0000-00-00,30,21699.79,1,100.95,138.38,15.98,327.05,0.0207,80,1,0,37.43
17312,0000-00-00,30,21598.84351,2,101.59,139.03,15.98,327.05,0.0207,81,1,0,37.43
17312,0000-00-00,30,21497.25029,3,101.77,139.03,15.98,327.05,0.0207,82,1,0,37.26
17312,0000-00-00,30,21395.47877,4,101.95,139.03,15.98,327.05,0.0207,83,1,0,37.08
17312,0000-00-00,30,21293.53084,5,102.12,139.03,15.98,327.05,0.0207,84,1,0,36.91
17312,0000-00-00,30,21191.40622,6,102.3,139.03,15.98,327.05,0.0207,85,1,0,36.73
17312,0000-00-00,30,21089.10458,7,102.48,139.03,15.98,327.05,0.0207,86,1,0,36.56
17312,0000-00-00,30,20986.62561,8,102.66,139.04,15.98,327.05,0.0207,87,1,0,36.38
17312,0000-00-00,30,20883.96901,9,102.83,139.04,15.98,327.05,0.0207,88,1,0,36.2
17312,0000-00-00,30,20781.13445,10,103.01,139.04,15.98,327.05,0.0207,89,1,0,36.02
17312,0000-00-00,30,20678.12162,11,103.19,139.04,15.98,327.05,0.0207,90,1,0,35.85
17312,0000-00-00,30,20574.93021,12,103.37,139.04,15.98,327.05,0.0207,91,1,0,35.67
17313,0000-00-00,30,3799.17,0,42.3,50,5.51,50,0.0277,92,1,0,7.7
17313,0000-00-00,90,0,1,3790.5,50.91,14.28,50,0.0277,93,1,3748.26,8.67
17313,0000-00-00,90,0,2,0,50,14.28,50,0.0277,94,1,-50,0
17313,0000-00-00,90,0,3,0,50,14.28,50,0.0277,95,1,-50,0
17313,0000-00-00,90,0,4,0,50,14.28,50,0.0277,96,1,-50,0
17313,0000-00-00,90,0,5,0,50,14.28,50,0.0277,97,1,-50,0
17313,0000-00-00,90,0,6,0,50,14.28,50,0.0277,98,1,-50,0
17313,0000-00-00,90,0,7,0,50,14.28,50,0.0277,99,1,-50,0
17313,0000-00-00,90,0,8,0,50,14.28,50,0.0277,100,1,-50,0
17313,0000-00-00,90,0,9,0,50,14.28,50,0.0277,101,1,-50,0
17313,0000-00-00,90,0,10,0,50,14.28,50,0.0277,102,1,-50,0
17313,0000-00-00,90,0,11,0,50,14.28,50,0.0277,103,1,-50,0
17313,0000-00-00,90,0,12,0,50,14.28,50,0.0277,104,1,-50,0
17314,0000-00-00,30,1889.08,0,42.68,50,5.18,50,0.0502,105,1,0,7.32
17314,0000-00-00,90,0,1,1881.36,51.39,13.08,50,0.0502,106,1,1837.69,7.72
17314,0000-00-00,90,0,2,0,50,13.08,50,0.0502,107,1,-50,0
17314,0000-00-00,90,0,3,0,50,13.08,50,0.0502,108,1,-50,0
17314,0000-00-00,90,0,4,0,50,13.08,50,0.0502,109,1,-50,0
17314,0000-00-00,90,0,5,0,50,13.08,50,0.0502,110,1,-50,0
17314,0000-00-00,90,0,6,0,50,13.08,50,0.0502,111,1,-50,0
17314,0000-00-00,90,0,7,0,50,13.08,50,0.0502,112,1,-50,0
17314,0000-00-00,90,0,8,0,50,13.08,50,0.0502,113,1,-50,0
17314,0000-00-00,90,0,9,0,50,13.08,50,0.0502,114,1,-50,0
17314,0000-00-00,90,0,10,0,50,13.08,50,0.0502,115,1,-50,0
17314,0000-00-00,90,0,11,0,50,13.08,50,0.0502,116,1,-50,0
17314,0000-00-00,90,0,12,0,50,13.08,50,0.0502,117,1,-50,0
17315,0000-00-00,73,11775.05,0,0,127.03,6068.51,127.03,0.1027,118,1,0,0
17315,0000-00-00,73,11775.05,1,0,128.49,6169.28,127.03,0.1027,119,1,0,0
17315,0000-00-00,73,11775.05,2,0,128.79,6270.06,127.03,0.1027,120,1,0,0
17315,0000-00-00,73,11775.05,3,0,129.1,6370.83,127.03,0.1027,121,1,0,0
17315,0000-00-00,73,11775.05,4,0,129.41,6471.61,127.03,0.1027,122,1,0,0
17315,0000-00-00,73,11775.05,5,0,129.72,6572.38,127.03,0.1027,123,1,0,0
17315,0000-00-00,73,11775.05,6,0,130.04,6673.16,127.03,0.1027,124,1,0,0
17315,0000-00-00,33,11775.05,7,0,130.37,6773.93,127.03,0.1027,125,1,0,0
17315,0000-00-00,33,11775.05,8,0,130.7,6874.71,127.03,0.1027,126,1,0,0
17315,0000-00-00,33,11775.05,9,0,131.03,6975.48,127.03,0.1027,127,1,0,0
17315,0000-00-00,33,11775.05,10,0,131.37,7076.26,127.03,0.1027,128,1,0,0
17315,0000-00-00,33,11775.05,11,0,131.71,7177.03,127.03,0.1027,129,1,0,0
17315,0000-00-00,33,11775.05,12,0,132.06,7277.81,127.03,0.1027,130,1,0,0
17316,0000-00-00,73,2433.14,0,0,50,481.04,50,0.0377,131,1,0,0
17316,0000-00-00,73,2433.14,1,0,51.71,488.68,50,0.0377,132,1,0,0
17316,0000-00-00,73,2433.14,2,0,52.66,496.33,50,0.0377,133,1,0,0
17316,0000-00-00,73,2433.14,3,0,53.65,503.97,50,0.0377,134,1,0,0
17316,0000-00-00,73,2433.14,4,0,54.69,511.62,50,0.0377,135,1,0,0
17316,0000-00-00,73,2433.14,5,0,55.77,519.26,50,0.0377,136,1,0,0
17316,0000-00-00,73,2433.14,6,0,56.89,526.9,50,0.0377,137,1,0,0
17316,0000-00-00,33,2433.14,7,0,58.07,534.55,50,0.0377,138,1,0,0
17316,0000-00-00,33,2433.14,8,0,59.3,542.19,50,0.0377,139,1,0,0
17316,0000-00-00,33,2433.14,9,0,60.58,549.84,50,0.0377,140,1,0,0
17316,0000-00-00,33,2433.14,10,0,61.93,557.48,50,0.0377,141,1,0,0
17316,0000-00-00,33,2433.14,11,0,63.34,565.13,50,0.0377,142,1,0,0
17316,0000-00-00,33,2433.14,12,0,64.83,572.77,50,0.0377,143,1,0,0
17317,0000-00-00,73,6392.42,0,0,50,1029.48,50,0.0302,144,1,0,0
17317,0000-00-00,73,6392.42,1,0,50.39,1045.57,50,0.0302,145,1,0,0
17317,0000-00-00,73,6392.42,2,0,50.66,1061.66,50,0.0302,146,1,0,0
17317,0000-00-00,73,6392.42,3,0,50.94,1077.74,50,0.0302,147,1,0,0
17317,0000-00-00,73,6392.42,4,0,51.22,1093.83,50,0.0302,148,1,0,0
17317,0000-00-00,73,6392.42,5,0,51.5,1109.92,50,0.0302,149,1,0,0
17317,0000-00-00,73,6392.42,6,0,51.79,1126.01,50,0.0302,150,1,0,0
17317,0000-00-00,33,6392.42,7,0,52.08,1142.09,50,0.0302,151,1,0,0
17317,0000-00-00,33,6392.42,8,0,52.37,1158.18,50,0.0302,152,1,0,0
17317,0000-00-00,33,6392.42,9,0,52.67,1174.27,50,0.0302,153,1,0,0
17317,0000-00-00,33,6392.42,10,0,52.98,1190.36,50,0.0302,154,1,0,0
17317,0000-00-00,33,6392.42,11,0,53.28,1206.44,50,0.0302,155,1,0,0
17317,0000-00-00,33,6392.42,12,0,53.59,1222.53,50,0.0302,156,1,0,0
17318,0000-00-00,30,11686.27,0,9.5,97.08,32.01,97.08,0.0667,157,1,0,87.58
17318,0000-00-00,30,11676.77,1,32.26,97.22,32.01,97.08,0.0667,158,1,0,64.96
17318,0000-00-00,33,11644.50693,2,0,97.41,96.91,97.08,0.0667,159,1,0,0
17318,0000-00-00,30,11741.42031,3,65.31,97.41,0,97.08,0.0667,160,1,0,129.32
17318,0000-00-00,30,11676.11047,4,33.24,98.5,0,97.08,0.0667,161,1,0,65.26
17318,0000-00-00,30,11642.87481,5,33.33,98.23,0,97.08,0.0667,162,1,0,64.9
17318,0000-00-00,33,11609.54597,6,0,98.23,64.71,97.08,0.0667,163,1,0,0
17318,0000-00-00,30,11674.26095,7,67.4,98.23,0,97.08,0.0667,164,1,0,129.06
17318,0000-00-00,30,11606.85939,8,34.18,99.07,0,97.08,0.0667,165,1,0,64.89
17318,0000-00-00,30,11572.68277,9,34.27,98.78,0,97.08,0.0667,166,1,0,64.51
17318,0000-00-00,30,11538.41427,10,34.46,98.78,0,97.08,0.0667,167,1,0,64.32
17318,0000-00-00,33,11503.95503,11,0,98.79,64.13,97.08,0.0667,168,1,0,0
17318,0000-00-00,30,11568.08939,12,69.69,98.79,0,97.08,0.0667,169,1,0,127.88
17319,0000-00-00,33,7700.56,0,0,99.3,274.96,99.3,0.1427,170,1,0.7,50
17319,0000-00-00,33,7700.56,1,0,99.81,366.53,99.3,0.1427,171,1,0.7,0
17319,0000-00-00,33,7700.56,2,0,99.92,458.1,99.3,0.1427,172,1,0.7,0
17319,0000-00-00,33,7700.56,3,0,100.03,549.68,99.3,0.1427,173,1,0.7,0
17319,0000-00-00,33,7700.56,4,0,100.14,641.25,99.3,0.1427,174,1,0.7,0
17319,0000-00-00,33,7700.56,5,0,100.25,732.82,99.3,0.1427,175,1,0.7,0
17319,0000-00-00,33,7700.56,6,0,100.36,824.39,99.3,0.1427,176,1,0.7,0
17319,0000-00-00,33,7700.56,7,0,100.48,915.97,99.3,0.1427,177,1,0.7,0
17319,0000-00-00,33,7700.56,8,0,100.59,1007.54,99.3,0.1427,178,1,0.7,0
17319,0000-00-00,33,7700.56,9,0,100.71,1099.11,99.3,0.1427,179,1,0.7,0
17319,0000-00-00,33,7700.56,10,0,100.83,1190.68,99.3,0.1427,180,1,0.7,0
17319,0000-00-00,33,7700.56,11,0,100.95,1282.26,99.3,0.1427,181,1,0.7,0
17319,0000-00-00,33,7700.56,12,0,101.08,1373.83,99.3,0.1427,182,1,0.7,0
17320,0000-00-00,33,37088.65,0,0,243.98,137.81,243.98,0.0377,183,1,0,0
17320,0000-00-00,33,37088.65,1,0,246.52,254.33,243.98,0.0377,184,1,0,0
17320,0000-00-00,33,37088.65,2,0,247.39,370.85,243.98,0.0377,185,1,0,0
17320,0000-00-00,33,37088.65,3,0,248.27,487.37,243.98,0.0377,186,1,0,0
17320,0000-00-00,33,37088.65,4,0,249.15,603.89,243.98,0.0377,187,1,0,0
17320,0000-00-00,33,37088.65,5,0,250.05,720.41,243.98,0.0377,188,1,0,0
17320,0000-00-00,33,37088.65,6,0,250.95,836.93,243.98,0.0377,189,1,0,0
17320,0000-00-00,33,37088.65,7,0,251.86,953.45,243.98,0.0377,190,1,0,0
17320,0000-00-00,33,37088.65,8,0,252.79,1069.97,243.98,0.0377,191,1,0,0
17320,0000-00-00,40,37088.65,9,0,253.72,1186.49,243.98,0.0377,192,1,0,0
17320,0000-00-00,40,37088.65,10,0,254.66,1303.01,243.98,0.0377,193,1,0,0
17320,0000-00-00,40,37088.65,11,0,255.61,1419.53,243.98,0.0377,194,1,0,0
17320,0000-00-00,33,37088.65,12,0,256.57,1536.05,243.98,0.0377,195,1,0,0
17321,0000-00-00,30,3295.95,0,39.92,50,5.34,50,0.0394,196,1,0,10.08
17321,0000-00-00,30,3256.03,1,40.03,50.85,5.34,50,0.0394,197,1,0,10.82
17321,0000-00-00,30,3216.001182,2,40.16,50.85,5.34,50,0.0394,198,1,0,10.69
17321,0000-00-00,30,3175.839593,3,40.3,50.85,5.34,50,0.0394,199,1,0,10.56
17321,0000-00-00,30,3135.544477,4,40.43,50.86,5.34,50,0.0394,200,1,0,10.43
17321,0000-00-00,30,3095.115359,5,40.56,50.86,5.34,50,0.0394,201,1,0,10.3
17321,0000-00-00,30,3054.551766,6,40.7,50.86,5.34,50,0.0394,202,1,0,10.16
17321,0000-00-00,30,3013.85322,7,40.83,50.86,5.34,50,0.0394,203,1,0,10.03
17321,0000-00-00,30,2973.019243,8,40.97,50.87,5.34,50,0.0394,204,1,0,9.9
17321,0000-00-00,30,2932.049354,9,41.11,50.87,5.34,50,0.0394,205,1,0,9.76
17321,0000-00-00,30,2890.943067,10,41.24,50.87,5.34,50,0.0394,206,1,0,9.63
17321,0000-00-00,30,2849.699896,11,41.38,50.87,5.34,50,0.0394,207,1,0,9.49
17321,0000-00-00,30,2808.319351,12,41.52,50.87,5.34,50,0.0394,208,1,0,9.36
17322,0000-00-00,30,658.22,0,46.62,50,1.7,50,0.0627,209,1,0,3.38
17322,0000-00-00,33,611.6,1,0,56.73,5.14,50,0.0627,210,1,0,0
17322,0000-00-00,30,616.7391995,2,101.38,57.36,0,50,0.0627,211,1,0,5.98
17322,0000-00-00,30,515.3622718,3,60.24,63.46,0,50,0.0627,212,1,0,3.22
17322,0000-00-00,30,455.1246058,4,56.08,58.77,0,50,0.0627,213,1,0,2.69
17322,0000-00-00,30,399.0485224,5,55.86,58.24,0,50,0.0627,214,1,0,2.38
17322,0000-00-00,30,343.1902005,6,56.12,58.2,0,50,0.0627,215,1,0,2.09
17322,0000-00-00,30,287.0706435,7,56.46,58.25,0,50,0.0627,216,1,0,1.79
17322,0000-00-00,30,230.6148878,8,56.82,58.32,0,50,0.0627,217,1,0,1.5
17322,0000-00-00,30,173.79761,9,57.2,58.41,0,50,0.0627,218,1,0,1.2
17322,0000-00-00,30,116.5937868,10,57.63,58.54,0,50,0.0627,219,1,0,0.91
17322,0000-00-00,30,58.96289598,11,58.14,58.75,0,50,0.0627,220,1,0,0.61
17322,0000-00-00,30,0.8179063642,12,58.96,59.27,0,50,0.0627,221,1,0,0.31
17323,0000-00-00,30,7173.36,0,27.81,50,11.84,50,0.0402,222,1,0,22.19
17323,0000-00-00,30,7145.55,1,26.31,50.34,11.84,50,0.0402,223,1,0,24.03
17323,0000-00-00,30,7119.23713,2,26.4,50.33,11.84,50,0.0402,224,1,0,23.94
17323,0000-00-00,30,7092.841642,3,26.48,50.33,11.84,50,0.0402,225,1,0,23.85
17323,0000-00-00,30,7066.357422,4,26.57,50.33,11.84,50,0.0402,226,1,0,23.76
17323,0000-00-00,30,7039.784147,5,26.66,50.33,11.84,50,0.0402,227,1,0,23.67
17323,0000-00-00,30,7013.121516,6,26.75,50.34,11.84,50,0.0402,228,1,0,23.58
17323,0000-00-00,30,6986.369226,7,26.84,50.34,11.84,50,0.0402,229,1,0,23.49
17323,0000-00-00,30,6959.526972,8,26.93,50.34,11.84,50,0.0402,230,1,0,23.4
17323,0000-00-00,30,6932.59445,9,27.02,50.34,11.84,50,0.0402,231,1,0,23.31
17323,0000-00-00,30,6905.571353,10,27.11,50.34,11.84,50,0.0402,232,1,0,23.22
17323,0000-00-00,30,6878.457375,11,27.21,50.34,11.84,50,0.0402,233,1,0,23.13
17323,0000-00-00,30,6851.252207,12,27.3,50.34,11.84,50,0.0402,234,1,0,23.04
17324,0000-00-00,30,6918.16,0,33.91,50,8.58,50,0.0302,235,1,0,16.09
17324,0000-00-00,30,6884.25,1,32.9,50.31,8.58,50,0.0302,236,1,0,17.41
17324,0000-00-00,30,6851.353536,2,32.97,50.3,8.58,50,0.0302,237,1,0,17.33
17324,0000-00-00,30,6818.379138,3,33.06,50.3,8.58,50,0.0302,238,1,0,17.24
17324,0000-00-00,30,6785.321377,4,33.14,50.3,8.58,50,0.0302,239,1,0,17.16
17324,0000-00-00,30,6752.180017,5,33.23,50.3,8.58,50,0.0302,240,1,0,17.08
17324,0000-00-00,30,6718.954841,6,33.31,50.3,8.58,50,0.0302,241,1,0,16.99
17324,0000-00-00,30,6685.645635,7,33.39,50.3,8.58,50,0.0302,242,1,0,16.91
17324,0000-00-00,30,6652.252183,8,33.48,50.3,8.58,50,0.0302,243,1,0,16.83
17324,0000-00-00,30,6618.774269,9,33.56,50.3,8.58,50,0.0302,244,1,0,16.74
17324,0000-00-00,30,6585.211677,10,33.65,50.3,8.58,50,0.0302,245,1,0,16.66
17324,0000-00-00,30,6551.564187,11,33.73,50.31,8.58,50,0.0302,246,1,0,16.57
17324,0000-00-00,30,6517.831584,12,33.82,50.31,8.58,50,0.0302,247,1,0,16.49
17325,0000-00-00,90,0,0,0,0,0,0,0,248,1,0,0
17325,0000-00-00,90,0,1,0,50,0,0,0,249,1,0,0
17325,0000-00-00,90,0,2,0,50,0,0,0,250,1,0,0
17325,0000-00-00,90,0,3,0,50,0,0,0,251,1,0,0
17325,0000-00-00,90,0,4,0,50,0,0,0,252,1,0,0
17325,0000-00-00,90,0,5,0,50,0,0,0,253,1,0,0
17325,0000-00-00,90,0,6,0,50,0,0,0,254,1,0,0
17325,0000-00-00,90,0,7,0,50,0,0,0,255,1,0,0
17325,0000-00-00,90,0,8,0,50,0,0,0,256,1,0,0
17325,0000-00-00,90,0,9,0,50,0,0,0,257,1,0,0
17325,0000-00-00,90,0,10,0,50,0,0,0,258,1,0,0
17325,0000-00-00,90,0,11,0,50,0,0,0,259,1,0,0
17325,0000-00-00,90,0,12,0,50,0,0,0,260,1,0,0
1,0000-00-00,30,13917.99,0,45.44,90.13,24.42,90.13,0.0402,261,1,0,44.69
1,0000-00-00,30,13872.55,1,44.01,90.64,24.42,90.13,0.0402,262,1,0,46.63
1,0000-00-00,30,13828.53693,2,44.16,90.63,24.42,90.13,0.0402,263,1,0,46.47
1,0000-00-00,30,13784.38097,3,44.3,90.63,24.42,90.13,0.0402,264,1,0,46.33
1,0000-00-00,30,13740.07662,4,44.45,90.63,24.42,90.13,0.0402,265,1,0,46.18
1,0000-00-00,30,13695.62337,5,44.6,90.63,24.42,90.13,0.0402,266,1,0,46.03
1,0000-00-00,30,13651.02072,6,44.75,90.63,24.42,90.13,0.0402,267,1,0,45.88
1,0000-00-00,30,13606.26817,7,44.9,90.63,24.42,90.13,0.0402,268,1,0,45.73
1,0000-00-00,30,13561.3652,8,45.05,90.63,24.42,90.13,0.0402,269,1,0,45.58
1,0000-00-00,30,13516.3113,9,45.21,90.64,24.42,90.13,0.0402,270,1,0,45.43
1,0000-00-00,30,13471.10598,10,45.36,90.64,24.42,90.13,0.0402,271,1,0,45.28
1,0000-00-00,30,13425.7487,11,45.51,90.64,24.42,90.13,0.0402,272,1,0,45.13
1,0000-00-00,30,13380.23897,12,45.66,90.64,24.42,90.13,0.0402,273,1,0,44.98
8,0000-00-00,30,959.95,0,47.64,50,1.24,50,0.0302,274,1,0,2.36
8,0000-00-00,30,912.31,1,52.2,54.61,1.24,50,0.0302,275,1,0,2.42
8,0000-00-00,30,860.1111939,2,52.59,54.89,1.24,50,0.0302,276,1,0,2.3
8,0000-00-00,30,807.518214,3,52.75,54.91,1.24,50,0.0302,277,1,0,2.16
8,0000-00-00,30,754.768701,4,52.89,54.92,1.24,50,0.0302,278,1,0,2.03
8,0000-00-00,30,701.8761821,5,53.04,54.94,1.24,50,0.0302,279,1,0,1.9
8,0000-00-00,30,648.8405017,6,53.18,54.95,1.24,50,0.0302,280,1,0,1.77
8,0000-00-00,30,595.6605011,7,53.33,54.96,1.24,50,0.0302,281,1,0,1.63
8,0000-00-00,30,542.334803,8,53.47,54.97,1.24,50,0.0302,282,1,0,1.5
8,0000-00-00,30,488.8618225,9,53.62,54.99,1.24,50,0.0302,283,1,0,1.36
8,0000-00-00,30,435.2397061,10,53.77,55,1.24,50,0.0302,284,1,0,1.23
8,0000-00-00,30,381.4662362,11,53.93,55.02,1.24,50,0.0302,285,1,0,1.1
8,0000-00-00,30,327.5386833,12,54.09,55.05,1.24,50,0.0302,286,1,0,0.96
9,0000-00-00,73,7130.88,0,0,76.93,2645.48,76.93,0.1027,287,1,0,0
9,0000-00-00,73,7130.88,1,0,77.81,2706.51,76.93,0.1027,288,1,0,0
9,0000-00-00,73,7130.88,2,0,77.99,2767.54,76.93,0.1027,289,1,0,0
9,0000-00-00,73,7130.88,3,0,78.18,2828.57,76.93,0.1027,290,1,0,0
9,0000-00-00,73,7130.88,4,0,78.37,2889.59,76.93,0.1027,291,1,0,0
9,0000-00-00,73,7130.88,5,0,78.56,2950.62,76.93,0.1027,292,1,0,0
9,0000-00-00,73,7130.88,6,0,78.75,3011.65,76.93,0.1027,293,1,0,0
9,0000-00-00,33,7130.88,7,0,78.95,3072.68,76.93,0.1027,294,1,0,0
9,0000-00-00,33,7130.88,8,0,79.15,3133.71,76.93,0.1027,295,1,0,0
9,0000-00-00,33,7130.88,9,0,79.35,3194.74,76.93,0.1027,296,1,0,0
9,0000-00-00,33,7130.88,10,0,79.55,3255.76,76.93,0.1027,297,1,0,0
9,0000-00-00,33,7130.88,11,0,79.76,3316.79,76.93,0.1027,298,1,0,0
9,0000-00-00,33,7130.88,12,0,79.97,3377.82,76.93,0.1027,299,1,0,0
11,0000-00-00,33,34232.11,0,0,253.12,183.68,253.12,0.0417,300,1,0,0
11,0000-00-00,33,34232.11,1,0,256.14,302.64,253.12,0.0417,301,1,0,0
11,0000-00-00,33,34232.11,2,0,257.17,421.59,253.12,0.0417,302,1,0,0
11,0000-00-00,33,34232.11,3,0,258.21,540.55,253.12,0.0417,303,1,0,0
11,0000-00-00,33,34232.11,4,0,259.26,659.51,253.12,0.0417,304,1,0,0
11,0000-00-00,33,34232.11,5,0,260.33,778.46,253.12,0.0417,305,1,0,0
11,0000-00-00,33,34232.11,6,0,261.41,897.42,253.12,0.0417,306,1,0,0
11,0000-00-00,33,34232.11,7,0,262.5,1016.38,253.12,0.0417,307,1,0,0
11,0000-00-00,33,34232.11,8,0,263.61,1135.33,253.12,0.0417,308,1,0,0
11,0000-00-00,33,34232.11,9,0,264.73,1254.29,253.12,0.0417,309,1,0,0
11,0000-00-00,33,34232.11,10,0,265.86,1373.25,253.12,0.0417,310,1,0,0
11,0000-00-00,33,34232.11,11,0,267.01,1492.2,253.12,0.0417,311,1,0,0
11,0000-00-00,33,34232.11,12,0,268.17,1611.16,253.12,0.0417,312,1,0,0
12,0000-00-00,30,17373.25,0,360.6,0,1.79,0,0.0377,313,1,150,89.4
12,0000-00-00,33,17012.65,1,0,126.51,56.37,0,0.0377,314,1,150,0
12,0000-00-00,30,17069.02096,2,70.96,124.4,0,0,0.0377,315,1,0,53.45
12,0000-00-00,33,16998.06526,3,0,125.34,53.63,0,0.0377,316,1,0,0
12,0000-00-00,30,17051.69044,4,143.34,125.34,0,0,0.0377,317,1,0,106.4
12,0000-00-00,30,16908.34613,5,72.7,126.27,0,0,0.0377,318,1,0,53.57
12,0000-00-00,33,16835.64266,6,0,125.75,53.12,0,0.0377,319,1,0,0
12,0000-00-00,30,16888.76304,7,146.02,125.75,0,0,0.0377,320,1,0,106.01
12,0000-00-00,33,16742.74573,8,0,126.69,53.06,0,0.0377,321,1,0,0
12,0000-00-00,30,16795.8046,9,146.86,126.15,0,0,0.0377,322,1,0,105.03
12,0000-00-00,33,16648.94198,10,0,127.11,52.77,0,0.0377,323,1,0,0
12,0000-00-00,30,16701.7088,11,148.26,126.55,0,0,0.0377,324,1,0,104.44
12,0000-00-00,33,16553.44877,12,0,127.52,52.47,0,0.0377,325,1,0,0
13,0000-00-00,30,23619.24,0,92.34,160.86,31.69,160.86,0.0377,326,1,0,68.52
13,0000-00-00,30,23526.9,1,87.97,162.18,31.69,160.86,0.0377,327,1,0,74.2
13,0000-00-00,30,23438.92847,2,88.23,162.15,31.69,160.86,0.0377,328,1,0,73.91
13,0000-00-00,30,23350.69695,3,88.51,162.15,31.69,160.86,0.0377,329,1,0,73.64
13,0000-00-00,30,23262.18725,4,88.79,162.15,31.69,160.86,0.0377,330,1,0,73.36
13,0000-00-00,30,23173.39843,5,89.07,162.15,31.69,160.86,0.0377,331,1,0,73.08
13,0000-00-00,30,23084.32959,6,89.35,162.15,31.69,160.86,0.0377,332,1,0,72.8
13,0000-00-00,30,22994.97985,7,89.63,162.15,31.69,160.86,0.0377,333,1,0,72.52
13,0000-00-00,30,22905.34831,8,89.91,162.16,31.69,160.86,0.0377,334,1,0,72.24
13,0000-00-00,30,22815.43408,9,90.2,162.16,31.69,160.86,0.0377,335,1,0,71.96
13,0000-00-00,30,22725.23625,10,90.48,162.16,31.69,160.86,0.0377,336,1,0,71.68
13,0000-00-00,30,22634.75393,11,90.77,162.16,31.69,160.86,0.0377,337,1,0,71.4
13,0000-00-00,30,22543.98621,12,91.05,162.16,31.69,160.86,0.0377,338,1,0,71.11
14,0000-00-00,30,16826.2,0,32.01,163.17,53.72,163.17,0.0897,339,1,0,131.16
14,0000-00-00,30,16794.19,1,38.43,164.21,53.72,163.17,0.0897,340,1,0,125.78
14,0000-00-00,30,16755.75607,2,38.74,164.27,53.72,163.17,0.0897,341,1,0,125.54
14,0000-00-00,30,16717.02004,3,39.03,164.28,53.72,163.17,0.0897,342,1,0,125.25
14,0000-00-00,30,16677.99374,4,39.32,164.28,53.72,163.17,0.0897,343,1,0,124.96
14,0000-00-00,30,16638.67505,5,39.61,164.28,53.72,163.17,0.0897,344,1,0,124.67
14,0000-00-00,30,16599.06175,6,39.91,164.28,53.72,163.17,0.0897,345,1,0,124.37
14,0000-00-00,30,16559.15163,7,40.21,164.29,53.72,163.17,0.0897,346,1,0,124.08
14,0000-00-00,30,16518.94247,8,40.51,164.29,53.72,163.17,0.0897,347,1,0,123.78
14,0000-00-00,30,16478.43201,9,40.81,164.29,53.72,163.17,0.0897,348,1,0,123.48
14,0000-00-00,30,16437.61799,10,41.12,164.3,53.72,163.17,0.0897,349,1,0,123.18
14,0000-00-00,30,16396.49814,11,41.43,164.3,53.72,163.17,0.0897,350,1,0,122.87
14,0000-00-00,30,16355.07013,12,41.74,164.3,53.72,163.17,0.0897,351,1,0,122.56
15,0000-00-00,30,11770.35,0,9.11,127.15,72.64,127.15,0.1127,352,1,1.91,119.95
15,0000-00-00,30,11761.24,1,16.92,127.47,72.64,127.15,0.1127,353,1,0,110.54
15,0000-00-00,30,11744.31613,2,17.09,127.55,72.64,127.15,0.1127,354,1,0,110.46
15,0000-00-00,30,11727.22197,3,17.25,127.55,72.64,127.15,0.1127,355,1,0,110.3
15,0000-00-00,30,11709.96701,4,17.42,127.56,72.64,127.15,0.1127,356,1,0,110.14
15,0000-00-00,30,11692.54976,5,17.58,127.56,72.64,127.15,0.1127,357,1,0,109.98
15,0000-00-00,33,11674.96869,6,0,127.56,182.45,127.15,0.1127,358,1,0,0
15,0000-00-00,30,11857.42122,7,35.83,127.56,0,127.15,0.1127,359,1,0,219.29
15,0000-00-00,30,11821.59501,8,18.39,129.75,0,127.15,0.1127,360,1,0,111.36
15,0000-00-00,30,11803.20262,9,18.54,129.56,0,127.15,0.1127,361,1,0,111.02
15,0000-00-00,30,11784.66484,10,18.71,129.56,0,127.15,0.1127,362,1,0,110.85
15,0000-00-00,30,11765.95272,11,18.89,129.57,0,127.15,0.1127,363,1,0,110.68
15,0000-00-00,30,11747.06459,12,19.07,129.57,0,127.15,0.1127,364,1,0,110.5
16,0000-00-00,30,4591.97,0,39.1,50,5.92,50,0.0302,365,1,0,10.9
16,0000-00-00,30,4552.87,1,39.11,50.67,5.92,50,0.0302,366,1,0,11.56
16,0000-00-00,30,4513.760876,2,39.21,50.67,5.92,50,0.0302,367,1,0,11.46
16,0000-00-00,30,4474.553249,3,39.31,50.67,5.92,50,0.0302,368,1,0,11.36
16,0000-00-00,30,4435.246092,4,39.41,50.67,5.92,50,0.0302,369,1,0,11.26
16,0000-00-00,30,4395.839135,5,39.51,50.67,5.92,50,0.0302,370,1,0,11.16
16,0000-00-00,30,4356.332115,6,39.61,50.67,5.92,50,0.0302,371,1,0,11.06
16,0000-00-00,30,4316.724767,7,39.71,50.67,5.92,50,0.0302,372,1,0,10.96
16,0000-00-00,30,4277.016827,8,39.81,50.67,5.92,50,0.0302,373,1,0,10.86
16,0000-00-00,30,4237.208027,9,39.91,50.67,5.92,50,0.0302,374,1,0,10.76
16,0000-00-00,30,4197.298101,10,40.01,50.67,5.92,50,0.0302,375,1,0,10.66
16,0000-00-00,30,4157.286779,11,40.11,50.68,5.92,50,0.0302,376,1,0,10.56
16,0000-00-00,30,4117.173794,12,40.21,50.68,5.92,50,0.0302,377,1,0,10.46
17,0000-00-00,30,4034.4,0,40.23,50,6,50,0.0302,378,1,0,9.77
17,0000-00-00,30,3994.17,1,40.5,50.65,6,50,0.0302,379,1,0,10.15
17,0000-00-00,33,3953.670149,2,0,50.66,16.05,50,0.0302,380,1,0,0
17,0000-00-00,30,3969.722143,3,81.41,50.66,0,50,0.0302,381,1,0,19.9
17,0000-00-00,30,3888.310402,4,41.4,51.39,0,50,0.0302,382,1,0,9.99
17,0000-00-00,30,3846.908193,5,41.08,50.87,0,50,0.0302,383,1,0,9.79
17,0000-00-00,30,3805.824527,6,41.18,50.87,0,50,0.0302,384,1,0,9.68
17,0000-00-00,30,3764.640878,7,41.29,50.87,0,50,0.0302,385,1,0,9.58
17,0000-00-00,33,3723.352498,8,0,50.87,9.47,50,0.0302,386,1,0,0
17,0000-00-00,30,3732.826844,9,83,50.87,0,50,0.0302,387,1,0,18.74
17,0000-00-00,30,3649.8316,10,42.18,51.57,0,50,0.0302,388,1,0,9.39
17,0000-00-00,30,3607.652404,11,41.82,51,0,50,0.0302,389,1,0,9.19
17,0000-00-00,30,3565.834704,12,41.92,51,0,50,0.0302,390,1,0,9.08
18,0000-00-00,10,13759.35,0,0,0,1281.67,0,0.0302,391,1,0,0
18,0000-00-00,10,13759.35,1,0,50,1316.3,0,0.0302,392,1,0,0
18,0000-00-00,10,13759.35,2,0,50,1350.93,0,0.0302,393,1,0,0
18,0000-00-00,10,13759.35,3,0,50,1385.55,0,0.0302,394,1,0,0
18,0000-00-00,10,13759.35,4,0,50,1420.18,0,0.0302,395,1,0,0
18,0000-00-00,10,13759.35,5,0,50,1454.81,0,0.0302,396,1,0,0
18,0000-00-00,10,13759.35,6,0,50,1489.44,0,0.0302,397,1,0,0
18,0000-00-00,10,13759.35,7,0,50,1524.06,0,0.0302,398,1,0,0
18,0000-00-00,10,13759.35,8,0,50,1558.69,0,0.0302,399,1,0,0
18,0000-00-00,10,13759.35,9,0,50,1593.32,0,0.0302,400,1,0,0
18,0000-00-00,10,13759.35,10,0,50,1627.95,0,0.0302,401,1,0,0
18,0000-00-00,10,13759.35,11,0,50,1662.57,0,0.0302,402,1,0,0
18,0000-00-00,10,13759.35,12,0,50,1697.2,0,0.0302,403,1,0,0
19,0000-00-00,30,14179.18,0,333.17,0,1.17,0,0.0302,404,1,200,66.83
19,0000-00-00,30,13846.01,1,54.98,90.67,1.17,0,0.0302,405,1,0,35.68
19,0000-00-00,30,13791.02912,2,54.03,88.88,1.17,0,0.0302,406,1,0,34.85
19,0000-00-00,30,13736.99549,3,54.17,88.87,1.17,0,0.0302,407,1,0,34.71
19,0000-00-00,30,13682.8296,4,54.3,88.87,1.17,0,0.0302,408,1,0,34.57
19,0000-00-00,30,13628.52686,5,54.44,88.88,1.17,0,0.0302,409,1,0,34.44
19,0000-00-00,30,13574.08692,6,54.58,88.88,1.17,0,0.0302,410,1,0,34.3
19,0000-00-00,30,13519.50943,7,54.72,88.88,1.17,0,0.0302,411,1,0,34.16
19,0000-00-00,30,13464.79402,8,54.85,88.88,1.17,0,0.0302,412,1,0,34.02
19,0000-00-00,30,13409.94036,9,54.99,88.88,1.17,0,0.0302,413,1,0,33.89
19,0000-00-00,30,13354.94808,10,55.13,88.88,1.17,0,0.0302,414,1,0,33.75
19,0000-00-00,30,13299.81684,11,55.27,88.88,1.17,0,0.0302,415,1,0,33.61
19,0000-00-00,30,13244.54627,12,55.41,88.88,1.17,0,0.0302,416,1,0,33.47
20,0000-00-00,30,13433.37,0,22.43,110.21,41.51,110.21,0.0627,417,1,0,87.78
20,0000-00-00,30,13410.94,1,40.81,111,41.51,110.21,0.0627,418,1,0,70.19
20,0000-00-00,30,13370.12942,2,41.08,111.15,41.51,110.21,0.0627,419,1,0,70.07
20,0000-00-00,30,13329.0493,3,41.3,111.15,41.51,110.21,0.0627,420,1,0,69.86
20,0000-00-00,30,13287.7537,4,41.51,111.16,41.51,110.21,0.0627,421,1,0,69.64
20,0000-00-00,30,13246.24166,5,41.73,111.16,41.51,110.21,0.0627,422,1,0,69.43
20,0000-00-00,30,13204.51204,6,41.95,111.16,41.51,110.21,0.0627,423,1,0,69.21
20,0000-00-00,30,13162.5637,7,42.17,111.16,41.51,110.21,0.0627,424,1,0,68.99
20,0000-00-00,30,13120.39547,8,42.39,111.16,41.51,110.21,0.0627,425,1,0,68.77
20,0000-00-00,30,13078.00621,9,42.61,111.17,41.51,110.21,0.0627,426,1,0,68.55
20,0000-00-00,30,13035.39475,10,42.83,111.17,41.51,110.21,0.0627,427,1,0,68.33
20,0000-00-00,30,12992.55992,11,43.06,111.17,41.51,110.21,0.0627,428,1,0,68.11
20,0000-00-00,30,12949.50053,12,43.29,111.17,41.51,110.21,0.0627,429,1,0,67.89
21,0000-00-00,50,16263.88,0,0,0,41.69,0,0.0302,430,1,0,0
21,0000-00-00,50,16263.88,1,0,95.39,82.62,0,0.0302,431,1,0,0
21,0000-00-00,50,16263.88,2,0,95.71,123.55,0,0.0302,432,1,0,0
21,0000-00-00,50,16263.88,3,0,96.04,164.48,0,0.0302,433,1,0,0
21,0000-00-00,50,16263.88,4,0,96.36,205.41,0,0.0302,434,1,0,0
21,0000-00-00,33,16263.88,5,0,96.69,246.34,0,0.0302,435,1,0,0
21,0000-00-00,40,16263.88,6,0,97.02,287.27,0,0.0302,436,1,0,0
21,0000-00-00,40,16263.88,7,0,97.36,328.21,0,0.0302,437,1,0,0
21,0000-00-00,33,16263.88,8,0,97.7,369.14,0,0.0302,438,1,0,0
21,0000-00-00,40,16263.88,9,0,98.04,410.07,0,0.0302,439,1,0,0
21,0000-00-00,40,16263.88,10,0,98.39,451,0,0.0302,440,1,0,0
21,0000-00-00,40,16263.88,11,0,98.74,491.93,0,0.0302,441,1,0,0
21,0000-00-00,40,16263.88,12,0,99.09,532.86,0,0.0302,442,1,0,0
22,0000-00-00,30,23461.28,0,92.91,129.3,19.88,129.3,0.0207,443,1,0,36.39
22,0000-00-00,30,23368.37,1,89.73,130.2,19.88,129.3,0.0207,444,1,0,40.47
22,0000-00-00,30,23278.64202,2,89.87,130.18,19.88,129.3,0.0207,445,1,0,40.31
22,0000-00-00,30,23188.7715,3,90.03,130.18,19.88,129.3,0.0207,446,1,0,40.16
22,0000-00-00,30,23098.74539,4,90.18,130.18,19.88,129.3,0.0207,447,1,0,40
22,0000-00-00,50,23008.56339,5,0,130.18,59.73,129.3,0.0207,448,1,0,0
22,0000-00-00,50,23008.56339,6,0,130.18,99.42,129.3,0.0207,449,1,0,0
22,0000-00-00,50,23008.56339,7,0,130.7,139.1,129.3,0.0207,450,1,0,0
22,0000-00-00,50,23008.56339,8,0,131.22,178.79,129.3,0.0207,451,1,0,0
22,0000-00-00,50,23008.56339,9,0,131.74,218.48,129.3,0.0207,452,1,0,0
22,0000-00-00,50,23008.56339,10,0,132.27,258.17,129.3,0.0207,453,1,0,0
22,0000-00-00,50,23008.56339,11,0,132.81,297.86,129.3,0.0207,454,1,0,0
22,0000-00-00,90,0,12,22968.87,133.34,337.55,129.3,0.0207,455,1,22875.22,39.69
23,0000-00-00,30,11926.46,0,39.95,75.7,19.54,75.7,0.0377,456,1,0,35.75
23,0000-00-00,30,11886.51,1,38.67,76.14,19.54,75.7,0.0377,457,1,0,37.47
23,0000-00-00,30,11847.84316,2,38.78,76.13,19.54,75.7,0.0377,458,1,0,37.34
23,0000-00-00,30,11809.05903,3,38.91,76.13,19.54,75.7,0.0377,459,1,0,37.22
23,0000-00-00,30,11770.15267,4,39.03,76.13,19.54,75.7,0.0377,460,1,0,37.1
23,0000-00-00,30,11731.12368,5,39.15,76.13,19.54,75.7,0.0377,461,1,0,36.98
23,0000-00-00,30,11691.97166,6,39.28,76.13,19.54,75.7,0.0377,462,1,0,36.86
23,0000-00-00,30,11652.69622,7,39.4,76.13,19.54,75.7,0.0377,463,1,0,36.73
23,0000-00-00,30,11613.29698,8,39.52,76.13,19.54,75.7,0.0377,464,1,0,36.61
23,0000-00-00,30,11573.77354,9,39.65,76.13,19.54,75.7,0.0377,465,1,0,36.49
23,0000-00-00,30,11534.12551,10,39.77,76.13,19.54,75.7,0.0377,466,1,0,36.36
23,0000-00-00,30,11494.35249,11,39.9,76.13,19.54,75.7,0.0377,467,1,0,36.24
23,0000-00-00,30,11454.45408,12,40.02,76.14,19.54,75.7,0.0377,468,1,0,36.11
24,0000-00-00,30,1281.2,0,47.45,50,1.36,50,0.0252,469,1,0,2.55
24,0000-00-00,90,0,1,1278.61,52.66,4.05,50,0.0252,470,1,1228.54,2.59
24,0000-00-00,90,0,2,0,50,4.05,50,0.0252,471,1,-50,0
24,0000-00-00,90,0,3,0,50,4.05,50,0.0252,472,1,-50,0
24,0000-00-00,90,0,4,0,50,4.05,50,0.0252,473,1,-50,0
24,0000-00-00,90,0,5,0,50,4.05,50,0.0252,474,1,-50,0
24,0000-00-00,90,0,6,0,50,4.05,50,0.0252,475,1,-50,0
24,0000-00-00,90,0,7,0,50,4.05,50,0.0252,476,1,-50,0
24,0000-00-00,90,0,8,0,50,4.05,50,0.0252,477,1,-50,0
24,0000-00-00,90,0,9,0,50,4.05,50,0.0252,478,1,-50,0
24,0000-00-00,90,0,10,0,50,4.05,50,0.0252,479,1,-50,0
24,0000-00-00,90,0,11,0,50,4.05,50,0.0252,480,1,-50,0
24,0000-00-00,90,0,12,0,50,4.05,50,0.0252,481,1,-50,0
25,0000-00-00,73,21387.48,0,0,233.38,9984.22,233.38,0.1027,482,1,0,0
25,0000-00-00,73,21387.48,1,0,236.2,10167.26,233.38,0.1027,483,1,0,0
25,0000-00-00,73,21387.48,2,0,236.79,10350.3,233.38,0.1027,484,1,0,0
25,0000-00-00,73,21387.48,3,0,237.39,10533.34,233.38,0.1027,485,1,0,0
25,0000-00-00,73,21387.48,4,0,237.99,10716.38,233.38,0.1027,486,1,0,0
25,0000-00-00,73,21387.48,5,0,238.61,10899.43,233.38,0.1027,487,1,0,0
25,0000-00-00,73,21387.48,6,0,239.23,11082.47,233.38,0.1027,488,1,0,0
25,0000-00-00,33,21387.48,7,0,239.86,11265.51,233.38,0.1027,489,1,0,0
25,0000-00-00,33,21387.48,8,0,240.5,11448.55,233.38,0.1027,490,1,0,0
25,0000-00-00,33,21387.48,9,0,241.15,11631.59,233.38,0.1027,491,1,0,0
25,0000-00-00,33,21387.48,10,0,241.8,11814.63,233.38,0.1027,492,1,0,0
25,0000-00-00,33,21387.48,11,0,242.47,11997.67,233.38,0.1027,493,1,0,0
25,0000-00-00,33,21387.48,12,0,243.14,12180.71,233.38,0.1027,494,1,0,0
26,0000-00-00,73,9738.68,0,0,83.61,2760.57,83.61,0.0627,495,1,0,0
26,0000-00-00,73,9738.68,1,0,85.05,2811.45,83.61,0.0627,496,1,0,0
26,0000-00-00,73,9738.68,2,0,85.35,2862.34,83.61,0.0627,497,1,0,0
26,0000-00-00,73,9738.68,3,0,85.65,2913.22,83.61,0.0627,498,1,0,0
26,0000-00-00,73,9738.68,4,0,85.96,2964.11,83.61,0.0627,499,1,0,0
26,0000-00-00,73,9738.68,5,0,86.27,3014.99,83.61,0.0627,500,1,0,0
26,0000-00-00,73,9738.68,6,0,86.59,3065.88,83.61,0.0627,501,1,0,0
26,0000-00-00,33,9738.68,7,0,86.91,3116.76,83.61,0.0627,502,1,0,0
26,0000-00-00,33,9738.68,8,0,87.23,3167.65,83.61,0.0627,503,1,0,0
26,0000-00-00,33,9738.68,9,0,87.55,3218.53,83.61,0.0627,504,1,0,0
26,0000-00-00,33,9738.68,10,0,87.89,3269.42,83.61,0.0627,505,1,0,0
26,0000-00-00,33,9738.68,11,0,88.22,3320.3,83.61,0.0627,506,1,0,0
26,0000-00-00,33,9738.68,12,0,88.56,3371.19,83.61,0.0627,507,1,0,0
27,0000-00-00,33,20308.31,0,0,164.47,297.96,164.47,0.0687,508,1,0,0
27,0000-00-00,33,20308.31,1,0,166.05,414.23,164.47,0.0687,509,1,0,0
27,0000-00-00,40,20308.31,2,0,166.46,530.49,164.47,0.0687,510,1,0,0
27,0000-00-00,40,20308.31,3,0,166.87,646.76,164.47,0.0687,511,1,0,0
27,0000-00-00,40,20308.31,4,0,167.29,763.02,164.47,0.0687,512,1,0,0
27,0000-00-00,40,20308.31,5,0,167.71,879.29,164.47,0.0687,513,1,0,0
27,0000-00-00,40,20308.31,6,0,168.14,995.55,164.47,0.0687,514,1,0,0
27,0000-00-00,40,20308.31,7,0,168.57,1111.82,164.47,0.0687,515,1,0,0
27,0000-00-00,33,20308.31,8,0,169,1228.08,164.47,0.0687,516,1,0,0
27,0000-00-00,33,20308.31,9,0,169.44,1344.35,164.47,0.0687,517,1,0,0
27,0000-00-00,33,20308.31,10,0,169.89,1460.61,164.47,0.0687,518,1,0,0
27,0000-00-00,33,20308.31,11,0,170.34,1576.88,164.47,0.0687,519,1,0,0
27,0000-00-00,33,20308.31,12,0,170.79,1693.14,164.47,0.0687,520,1,0,0
28,0000-00-00,30,3726.47,0,34.29,50,8.53,50,0.0517,521,1,0,15.71
28,0000-00-00,30,3692.18,1,34.44,50.5,8.53,50,0.0517,522,1,0,16.05
28,0000-00-00,30,3657.736194,2,34.59,50.5,8.53,50,0.0517,523,1,0,15.91
28,0000-00-00,30,3623.142552,3,34.74,50.5,8.53,50,0.0517,524,1,0,15.76
28,0000-00-00,30,3588.398446,4,34.9,50.5,8.53,50,0.0517,525,1,0,15.61
28,0000-00-00,30,3553.503201,5,35.05,50.51,8.53,50,0.0517,526,1,0,15.46
28,0000-00-00,30,3518.45614,6,35.2,50.51,8.53,50,0.0517,527,1,0,15.31
28,0000-00-00,90,0,7,3503.45,50.51,23.69,50,0.0517,528,1,3467.94,15.01
28,0000-00-00,90,0,8,0,50,23.69,50,0.0517,529,1,-50,0
28,0000-00-00,90,0,9,0,50,23.69,50,0.0517,530,1,-50,0
28,0000-00-00,90,0,10,0,50,23.69,50,0.0517,531,1,-50,0
28,0000-00-00,90,0,11,0,50,23.69,50,0.0517,532,1,-50,0
28,0000-00-00,90,0,12,0,50,23.69,50,0.0517,533,1,-50,0
29,0000-00-00,50,21874.54,0,0,0,193.61,0,0.0302,534,1,0,0
29,0000-00-00,50,21874.54,1,0,123.42,248.66,0,0.0302,535,1,0,0
29,0000-00-00,50,21874.54,2,0,123.81,303.71,0,0.0302,536,1,0,0
29,0000-00-00,33,21874.54,3,0,124.2,358.76,0,0.0302,537,1,0,0
29,0000-00-00,40,21874.54,4,0,124.59,413.81,0,0.0302,538,1,0,0
29,0000-00-00,40,21874.54,5,0,124.99,468.86,0,0.0302,539,1,0,0
29,0000-00-00,40,21874.54,6,0,125.39,523.92,0,0.0302,540,1,0,0
29,0000-00-00,40,21874.54,7,0,125.79,578.97,0,0.0302,541,1,0,0
29,0000-00-00,40,21874.54,8,0,126.2,634.02,0,0.0302,542,1,0,0
29,0000-00-00,30,22508.55741,9,0,126.61,0,0,0.0302,543,1,0,55.05
29,0000-00-00,30,22508.55741,10,0,130.71,0,0,0.0302,544,1,0,56.65
29,0000-00-00,30,22508.55741,11,0,131.14,0,0,0.0302,545,1,0,56.65
29,0000-00-00,30,22508.55741,12,0,131.58,0,0,0.0302,546,1,0,56.65
31,0000-00-00,30,12981.6,0,45.63,89.14,25.46,89.14,0.0377,547,1,0.86,44.37
31,0000-00-00,30,12935.97,1,49.02,89.8,25.46,89.14,0.0377,548,1,0,40.78
31,0000-00-00,30,12886.94909,2,49.19,89.83,25.46,89.14,0.0377,549,1,0,40.64
31,0000-00-00,30,12837.76129,3,49.34,89.83,25.46,89.14,0.0377,550,1,0,40.49
31,0000-00-00,30,12788.41831,4,49.5,89.83,25.46,89.14,0.0377,551,1,0,40.33
31,0000-00-00,30,12738.91972,5,49.65,89.83,25.46,89.14,0.0377,552,1,0,40.18
31,0000-00-00,30,12689.26501,6,49.81,89.83,25.46,89.14,0.0377,553,1,0,40.02
31,0000-00-00,30,12639.4537,7,49.97,89.83,25.46,89.14,0.0377,554,1,0,39.87
31,0000-00-00,30,12589.48527,8,50.13,89.83,25.46,89.14,0.0377,555,1,0,39.71
31,0000-00-00,30,12539.35924,9,50.28,89.84,25.46,89.14,0.0377,556,1,0,39.55
31,0000-00-00,30,12489.0751,10,50.44,89.84,25.46,89.14,0.0377,557,1,0,39.39
31,0000-00-00,30,12438.63235,11,50.6,89.84,25.46,89.14,0.0377,558,1,0,39.24
31,0000-00-00,30,12388.03049,12,50.76,89.84,25.46,89.14,0.0377,559,1,0,39.08
34,0000-00-00,30,18531.21,0,70.64,115.24,27.59,115.24,0.0302,560,1,0,44.6
34,0000-00-00,30,18460.57,1,69.62,116.26,27.59,115.24,0.0302,561,1,0,46.64
34,0000-00-00,30,18390.95082,2,69.79,116.25,27.59,115.24,0.0302,562,1,0,46.46
34,0000-00-00,30,18321.16029,3,69.97,116.25,27.59,115.24,0.0302,563,1,0,46.28
34,0000-00-00,30,18251.19347,4,70.14,116.25,27.59,115.24,0.0302,564,1,0,46.11
34,0000-00-00,30,18181.04989,5,70.32,116.25,27.59,115.24,0.0302,565,1,0,45.93
34,0000-00-00,30,18110.7291,6,70.5,116.25,27.59,115.24,0.0302,566,1,0,45.76
34,0000-00-00,30,18040.23065,7,70.68,116.26,27.59,115.24,0.0302,567,1,0,45.58
34,0000-00-00,30,17969.55409,8,70.86,116.26,27.59,115.24,0.0302,568,1,0,45.4
34,0000-00-00,30,17898.69896,9,71.03,116.26,27.59,115.24,0.0302,569,1,0,45.22
34,0000-00-00,30,17827.6648,10,71.21,116.26,27.59,115.24,0.0302,570,1,0,45.05
34,0000-00-00,30,17756.45116,11,71.39,116.26,27.59,115.24,0.0302,571,1,0,44.87
34,0000-00-00,30,17685.05758,12,71.57,116.26,27.59,115.24,0.0302,572,1,0,44.69
35,0000-00-00,30,29928.77,0,107.5,197.4,55.61,197.4,0.0377,573,1,0,89.9
35,0000-00-00,30,29821.27,1,104.91,198.93,55.61,197.4,0.0377,574,1,0,94.03
35,0000-00-00,30,29716.36309,2,105.23,198.92,55.61,197.4,0.0377,575,1,0,93.69
35,0000-00-00,30,29611.13575,3,105.56,198.92,55.61,197.4,0.0377,576,1,0,93.36
35,0000-00-00,30,29505.57668,4,105.89,198.92,55.61,197.4,0.0377,577,1,0,93.03
35,0000-00-00,30,29399.6848,5,106.23,198.92,55.61,197.4,0.0377,578,1,0,92.7
35,0000-00-00,30,29293.45904,6,106.56,198.92,55.61,197.4,0.0377,579,1,0,92.36
35,0000-00-00,30,29186.89834,7,106.9,198.93,55.61,197.4,0.0377,580,1,0,92.03
35,0000-00-00,30,29080.00164,8,107.23,198.93,55.61,197.4,0.0377,581,1,0,91.7
35,0000-00-00,30,28972.76788,9,107.57,198.93,55.61,197.4,0.0377,582,1,0,91.36
35,0000-00-00,30,28865.19597,10,107.91,198.93,55.61,197.4,0.0377,583,1,0,91.02
35,0000-00-00,30,28757.28485,11,108.25,198.94,55.61,197.4,0.0377,584,1,0,90.68
35,0000-00-00,33,28649.03344,12,0,198.94,145.96,197.4,0.0377,585,1,0,0
36,0000-00-00,10,35033.29,0,0,0,4590.69,0,0.0302,586,1,0,0
36,0000-00-00,10,35033.29,1,0,50,4678.86,0,0.0302,587,1,0,0
36,0000-00-00,10,35033.29,2,0,50,4767.02,0,0.0302,588,1,0,0
36,0000-00-00,10,35033.29,3,0,50,4855.19,0,0.0302,589,1,0,0
36,0000-00-00,10,35033.29,4,0,50,4943.36,0,0.0302,590,1,0,0
36,0000-00-00,10,35033.29,5,0,50,5031.53,0,0.0302,591,1,0,0
36,0000-00-00,10,35033.29,6,0,50,5119.69,0,0.0302,592,1,0,0
36,0000-00-00,10,35033.29,7,0,50,5207.86,0,0.0302,593,1,0,0
36,0000-00-00,10,35033.29,8,0,50,5296.03,0,0.0302,594,1,0,0
36,0000-00-00,10,35033.29,9,0,50,5384.19,0,0.0302,595,1,0,0
36,0000-00-00,10,35033.29,10,0,50,5472.36,0,0.0302,596,1,0,0
36,0000-00-00,10,35033.29,11,0,50,5560.53,0,0.0302,597,1,0,0
36,0000-00-00,10,35033.29,12,0,50,5648.7,0,0.0302,598,1,0,0
38,0000-00-00,30,5161.41,0,28.11,50,11.94,50,0.0522,599,1,0,21.89
38,0000-00-00,30,5133.3,1,27.91,50.36,11.94,50,0.0522,600,1,0,22.45
38,0000-00-00,33,5105.39391,2,0,50.36,34.27,50,0.0522,601,1,0,0
38,0000-00-00,30,5139.663765,3,56.3,50.36,0,50,0.0522,602,1,0,44.42
38,0000-00-00,30,5083.365418,4,28.62,50.98,0,50,0.0522,603,1,0,22.36
38,0000-00-00,30,5054.74646,5,28.59,50.7,0,50,0.0522,604,1,0,22.11
38,0000-00-00,30,5026.158673,6,28.71,50.7,0,50,0.0522,605,1,0,21.99
38,0000-00-00,30,4997.446707,7,28.84,50.7,0,50,0.0522,606,1,0,21.86
38,0000-00-00,30,4968.60913,8,28.96,50.7,0,50,0.0522,607,1,0,21.74
38,0000-00-00,30,4939.645382,9,29.09,50.7,0,50,0.0522,608,1,0,21.61
38,0000-00-00,30,4910.554904,10,29.22,50.71,0,50,0.0522,609,1,0,21.49
38,0000-00-00,30,4881.337131,11,29.35,50.71,0,50,0.0522,610,1,0,21.36
38,0000-00-00,30,4851.991501,12,29.47,50.71,0,50,0.0522,611,1,0,21.23
39,0000-00-00,30,30540.48,0,91.66,193.82,66.2,193.82,0.0377,612,1,2.18,104.34
39,0000-00-00,33,30448.82,1,0,194.96,162.15,193.82,0.0377,613,1,2.18,0
39,0000-00-00,30,30610.96801,2,198.09,195.01,0,193.82,0.0377,614,1,0,190.74
39,0000-00-00,30,30412.87351,3,100.52,196.69,0,193.82,0.0377,615,1,0,96.17
39,0000-00-00,30,30312.35215,4,100.51,196.06,0,193.82,0.0377,616,1,0,95.55
39,0000-00-00,30,30211.83746,5,100.83,196.06,0,193.82,0.0377,617,1,0,95.23
39,0000-00-00,30,30111.00701,6,101.15,196.06,0,193.82,0.0377,618,1,0,94.92
39,0000-00-00,30,30009.85872,7,101.47,196.07,0,193.82,0.0377,619,1,0,94.6
39,0000-00-00,30,29908.39159,8,101.79,196.07,0,193.82,0.0377,620,1,0,94.28
39,0000-00-00,33,29806.60461,9,0,196.07,93.96,193.82,0.0377,621,1,0,0
39,0000-00-00,30,29900.5668,10,204.86,196.07,0,193.82,0.0377,622,1,0,187.28
39,0000-00-00,30,29695.7095,11,103.43,197.37,0,193.82,0.0377,623,1,0,93.94
39,0000-00-00,30,29592.2786,12,103.4,196.7,0,193.82,0.0377,624,1,0,93.29
40,0000-00-00,73,23359.74,0,0,170.11,5192.39,170.11,0.0377,625,1,0,0
40,0000-00-00,73,23359.74,1,0,173.73,5265.78,170.11,0.0377,626,1,0,0
40,0000-00-00,73,23359.74,2,0,174.48,5339.17,170.11,0.0377,627,1,0,0
40,0000-00-00,73,23359.74,3,0,175.24,5412.56,170.11,0.0377,628,1,0,0
40,0000-00-00,73,23359.74,4,0,176,5485.94,170.11,0.0377,629,1,0,0
40,0000-00-00,73,23359.74,5,0,176.78,5559.33,170.11,0.0377,630,1,0,0
40,0000-00-00,73,23359.74,6,0,177.57,5632.72,170.11,0.0377,631,1,0,0
40,0000-00-00,33,23359.74,7,0,178.36,5706.11,170.11,0.0377,632,1,0,0
40,0000-00-00,33,23359.74,8,0,179.17,5779.5,170.11,0.0377,633,1,0,0
40,0000-00-00,33,23359.74,9,0,179.98,5852.89,170.11,0.0377,634,1,0,0
40,0000-00-00,33,23359.74,10,0,180.81,5926.28,170.11,0.0377,635,1,0,0
40,0000-00-00,33,23359.74,11,0,181.64,5999.66,170.11,0.0377,636,1,0,0
40,0000-00-00,33,23359.74,12,0,182.49,6073.05,170.11,0.0377,637,1,0,0
42,0000-00-00,73,6648.9,0,0,54.14,1430.86,54.14,0.0627,638,1,0,0
42,0000-00-00,73,6648.9,1,0,54.94,1465.6,54.14,0.0627,639,1,0,0
42,0000-00-00,33,6648.9,2,0,55.11,1500.34,54.14,0.0627,640,1,0,0
42,0000-00-00,33,6648.9,3,0,55.28,1535.08,54.14,0.0627,641,1,0,0
42,0000-00-00,33,6648.9,4,0,55.45,1569.82,54.14,0.0627,642,1,0,0
42,0000-00-00,33,6648.9,5,0,55.62,1604.56,54.14,0.0627,643,1,0,0
42,0000-00-00,33,6648.9,6,0,55.8,1639.3,54.14,0.0627,644,1,0,0
42,0000-00-00,33,6648.9,7,0,55.97,1674.04,54.14,0.0627,645,1,0,0
42,0000-00-00,33,6648.9,8,0,56.15,1708.78,54.14,0.0627,646,1,0,0
42,0000-00-00,33,6648.9,9,0,56.33,1743.52,54.14,0.0627,647,1,0,0
42,0000-00-00,33,6648.9,10,0,56.52,1778.27,54.14,0.0627,648,1,0,0
42,0000-00-00,33,6648.9,11,0,56.7,1813.01,54.14,0.0627,649,1,0,0
42,0000-00-00,33,6648.9,12,0,56.89,1847.75,54.14,0.0627,650,1,0,0
43,0000-00-00,73,22733.25,0,0,239.2,7966.77,239.2,0.1027,651,1,0,0
43,0000-00-00,73,22733.25,1,0,241.6,8161.33,239.2,0.1027,652,1,0,0
43,0000-00-00,73,22733.25,2,0,242.1,8355.89,239.2,0.1027,653,1,0,0
43,0000-00-00,73,22733.25,3,0,242.61,8550.45,239.2,0.1027,654,1,0,0
43,0000-00-00,73,22733.25,4,0,243.13,8745,239.2,0.1027,655,1,0,0
43,0000-00-00,73,22733.25,5,0,243.65,8939.56,239.2,0.1027,656,1,0,0
43,0000-00-00,73,22733.25,6,0,244.17,9134.12,239.2,0.1027,657,1,0,0
43,0000-00-00,33,22733.25,7,0,244.71,9328.68,239.2,0.1027,658,1,0,0
43,0000-00-00,33,22733.25,8,0,245.25,9523.24,239.2,0.1027,659,1,0,0
43,0000-00-00,33,22733.25,9,0,245.8,9717.8,239.2,0.1027,660,1,0,0
43,0000-00-00,33,22733.25,10,0,246.35,9912.36,239.2,0.1027,661,1,0,0
43,0000-00-00,33,22733.25,11,0,246.91,10106.92,239.2,0.1027,662,1,0,0
43,0000-00-00,33,22733.25,12,0,247.48,10301.47,239.2,0.1027,663,1,0,0
44,0000-00-00,30,3518.02,0,34.15,50,10.09,50,0.0582,664,1,0,15.85
44,0000-00-00,30,3483.87,1,33.54,50.6,10.09,50,0.0582,665,1,0,17.06
44,0000-00-00,30,3450.329336,2,33.7,50.59,10.09,50,0.0582,666,1,0,16.9
44,0000-00-00,30,3416.631893,3,33.86,50.6,10.09,50,0.0582,667,1,0,16.73
44,0000-00-00,30,3382.76948,4,34.03,50.6,10.09,50,0.0582,668,1,0,16.57
44,0000-00-00,30,3348.74119,5,34.2,50.6,10.09,50,0.0582,669,1,0,16.41
44,0000-00-00,30,3314.546187,6,34.36,50.6,10.09,50,0.0582,670,1,0,16.24
44,0000-00-00,30,3280.183627,7,34.53,50.61,10.09,50,0.0582,671,1,0,16.08
44,0000-00-00,30,3245.652663,8,34.7,50.61,10.09,50,0.0582,672,1,0,15.91
44,0000-00-00,30,3210.952442,9,34.87,50.61,10.09,50,0.0582,673,1,0,15.74
44,0000-00-00,30,3176.082107,10,35.04,50.61,10.09,50,0.0582,674,1,0,15.57
44,0000-00-00,30,3141.040794,11,35.21,50.62,10.09,50,0.0582,675,1,0,15.4
44,0000-00-00,30,3105.827635,12,35.39,50.62,10.09,50,0.0582,676,1,0,15.23
45,0000-00-00,30,4639.01,0,39.99,50,5.44,50,0.0277,677,1,0,10.01
45,0000-00-00,30,4599.02,1,39.95,50.66,5.44,50,0.0277,678,1,0,10.71
45,0000-00-00,30,4559.071572,2,40.04,50.66,5.44,50,0.0277,679,1,0,10.62
45,0000-00-00,30,4519.031292,3,40.13,50.66,5.44,50,0.0277,680,1,0,10.52
45,0000-00-00,30,4478.897778,4,40.23,50.66,5.44,50,0.0277,681,1,0,10.43
45,0000-00-00,30,4438.670791,5,40.32,50.66,5.44,50,0.0277,682,1,0,10.34
45,0000-00-00,30,4398.350106,6,40.41,50.66,5.44,50,0.0277,683,1,0,10.25
45,0000-00-00,30,4357.935494,7,40.51,50.66,5.44,50,0.0277,684,1,0,10.15
45,0000-00-00,30,4317.426727,8,40.6,50.66,5.44,50,0.0277,685,1,0,10.06
45,0000-00-00,30,4276.823575,9,40.7,50.66,5.44,50,0.0277,686,1,0,9.97
45,0000-00-00,30,4236.125807,10,40.79,50.66,5.44,50,0.0277,687,1,0,9.87
45,0000-00-00,30,4195.333193,11,40.89,50.67,5.44,50,0.0277,688,1,0,9.78
45,0000-00-00,30,4154.445501,12,40.98,50.67,5.44,50,0.0277,689,1,0,9.68
46,0000-00-00,73,18190.39,0,0,185.05,2436.4,185.05,0.1027,690,1,0,0
46,0000-00-00,73,18190.39,1,0,186.58,2592.08,185.05,0.1027,691,1,0,0
46,0000-00-00,73,18190.39,2,0,186.9,2747.76,185.05,0.1027,692,1,0,0
46,0000-00-00,73,18190.39,3,0,187.22,2903.44,185.05,0.1027,693,1,0,0
46,0000-00-00,73,18190.39,4,0,187.54,3059.12,185.05,0.1027,694,1,0,0
46,0000-00-00,73,18190.39,5,0,187.87,3214.8,185.05,0.1027,695,1,0,0
46,0000-00-00,73,18190.39,6,0,188.2,3370.48,185.05,0.1027,696,1,0,0
46,0000-00-00,40,18190.39,7,0,188.54,3526.16,185.05,0.1027,697,1,0,0
46,0000-00-00,40,18190.39,8,0,188.88,3681.84,185.05,0.1027,698,1,0,0
46,0000-00-00,40,18190.39,9,0,189.23,3837.51,185.05,0.1027,699,1,0,0
46,0000-00-00,40,18190.39,10,0,189.58,3993.19,185.05,0.1027,700,1,0,0
46,0000-00-00,40,18190.39,11,0,189.93,4148.87,185.05,0.1027,701,1,0,0
46,0000-00-00,33,18190.39,12,0,190.29,4304.55,185.05,0.1027,702,1,0,0
47,0000-00-00,73,5603.04,0,0,50,1862.42,50,0.0627,703,1,0,0
47,0000-00-00,73,5603.04,1,0,50.37,1891.7,50,0.0627,704,1,0,0
47,0000-00-00,73,5603.04,2,0,50.56,1920.97,50,0.0627,705,1,0,0
47,0000-00-00,73,5603.04,3,0,50.76,1950.25,50,0.0627,706,1,0,0
47,0000-00-00,73,5603.04,4,0,50.95,1979.52,50,0.0627,707,1,0,0
47,0000-00-00,73,5603.04,5,0,51.15,2008.8,50,0.0627,708,1,0,0
47,0000-00-00,73,5603.04,6,0,51.35,2038.08,50,0.0627,709,1,0,0
47,0000-00-00,30,7641.115304,7,1764.22,51.55,0,50,0.0627,710,1,0,2318.41
47,0000-00-00,30,5876.899138,8,30.66,70.59,0,50,0.0627,711,1,0,39.92
47,0000-00-00,30,5846.237359,9,23.8,54.51,0,50,0.0627,712,1,0,30.71
47,0000-00-00,30,5822.436188,10,23.9,54.44,0,50,0.0627,713,1,0,30.55
47,0000-00-00,33,5798.5387,11,0,54.44,30.42,50,0.0627,714,1,0,0
47,0000-00-00,33,5798.5387,12,0,54.45,60.72,50,0.0627,715,1,0,0
48,0000-00-00,33,20571.41,0,0,133.13,96.52,133.13,0.0252,716,1,0,0
48,0000-00-00,30,20667.93,1,183,135.51,0,133.13,0.0252,717,1,0,85.64
48,0000-00-00,33,20484.9329,2,0,136.76,43.4,133.13,0.0252,718,1,0,0
48,0000-00-00,30,20528.33556,3,185.84,136.16,0,133.13,0.0252,719,1,0,85.83
48,0000-00-00,33,20342.49476,4,0,137.07,43.11,133.13,0.0252,720,1,0,0
48,0000-00-00,30,20385.60427,5,187.27,136.46,0,133.13,0.0252,721,1,0,85.35
48,0000-00-00,33,20198.33016,6,0,137.38,42.81,133.13,0.0252,722,1,0,0
48,0000-00-00,30,20241.13993,7,188.47,136.75,0,133.13,0.0252,723,1,0,84.74
48,0000-00-00,33,20052.67142,8,0,137.69,42.51,133.13,0.0252,724,1,0,0
48,0000-00-00,30,20095.17782,9,189.67,137.05,0,133.13,0.0252,725,1,0,84.13
48,0000-00-00,33,19905.50827,10,0,137.99,42.2,133.13,0.0252,726,1,0,0
48,0000-00-00,33,19905.50827,11,0,137.34,84,133.13,0.0252,727,1,0,0
48,0000-00-00,30,19989.50971,12,287.94,138.01,0,133.13,0.0252,728,1,0,125.11
49,0000-00-00,90,0,0,0,0,0,0,0,729,1,0,0
49,0000-00-00,90,0,1,0,50,0,0,0,730,1,0,0
49,0000-00-00,90,0,2,0,50,0,0,0,731,1,0,0
49,0000-00-00,90,0,3,0,50,0,0,0,732,1,0,0
49,0000-00-00,90,0,4,0,50,0,0,0,733,1,0,0
49,0000-00-00,90,0,5,0,50,0,0,0,734,1,0,0
49,0000-00-00,90,0,6,0,50,0,0,0,735,1,0,0
49,0000-00-00,90,0,7,0,50,0,0,0,736,1,0,0
49,0000-00-00,90,0,8,0,50,0,0,0,737,1,0,0
49,0000-00-00,90,0,9,0,50,0,0,0,738,1,0,0
49,0000-00-00,90,0,10,0,50,0,0,0,739,1,0,0
49,0000-00-00,90,0,11,0,50,0,0,0,740,1,0,0
49,0000-00-00,90,0,12,0,50,0,0,0,741,1,0,0
51,0000-00-00,30,24529.61,0,112.43,0,8.11,0,0.0302,742,1,0,59.08
51,0000-00-00,30,24417.18,1,107.9,169.63,8.11,0,0.0302,743,1,0,61.73
51,0000-00-00,30,24309.27982,2,108.15,169.6,8.11,0,0.0302,744,1,0,61.45
51,0000-00-00,30,24201.12816,3,108.42,169.6,8.11,0,0.0302,745,1,0,61.18
51,0000-00-00,30,24092.70319,4,108.7,169.61,8.11,0,0.0302,746,1,0,60.91
51,0000-00-00,30,23984.00412,5,108.97,169.61,8.11,0,0.0302,747,1,0,60.63
51,0000-00-00,30,23875.03026,6,109.25,169.61,8.11,0,0.0302,748,1,0,60.36
51,0000-00-00,30,23765.7809,7,109.53,169.61,8.11,0,0.0302,749,1,0,60.09
51,0000-00-00,30,23656.25532,8,109.8,169.61,8.11,0,0.0302,750,1,0,59.81
51,0000-00-00,30,23546.45283,9,110.08,169.62,8.11,0,0.0302,751,1,0,59.53
51,0000-00-00,30,23436.37272,10,110.36,169.62,8.11,0,0.0302,752,1,0,59.26
51,0000-00-00,30,23326.01427,11,110.64,169.62,8.11,0,0.0302,753,1,0,58.98
51,0000-00-00,30,23215.37677,12,110.92,169.62,8.11,0,0.0302,754,1,0,58.7
52,0000-00-00,91,0,0,0,0,0,0,0,755,1,0,0
52,0000-00-00,91,0,1,0,50,0,0,0,756,1,0,0
52,0000-00-00,73,0,2,0,50,0,0,0,757,1,0,0
52,0000-00-00,73,0,3,0,50,0,0,0,758,1,0,0
52,0000-00-00,73,0,4,0,50,0,0,0,759,1,0,0
52,0000-00-00,91,0,5,0,50,0,0,0,760,1,0,0
52,0000-00-00,91,0,6,0,50,0,0,0,761,1,0,0
52,0000-00-00,91,0,7,0,50,0,0,0,762,1,0,0
52,0000-00-00,91,0,8,0,50,0,0,0,763,1,0,0
52,0000-00-00,91,0,9,0,50,0,0,0,764,1,0,0
52,0000-00-00,91,0,10,0,50,0,0,0,765,1,0,0
52,0000-00-00,91,0,11,0,50,0,0,0,766,1,0,0
52,0000-00-00,33,0,12,0,50,0,0,0,767,1,0,0
53,0000-00-00,91,0,0,0,0,0,0,0,768,1,0,0
53,0000-00-00,91,0,1,0,50,0,0,0,769,1,0,0
53,0000-00-00,91,0,2,0,50,0,0,0,770,1,0,0
53,0000-00-00,91,0,3,0,50,0,0,0,771,1,0,0
53,0000-00-00,91,0,4,0,50,0,0,0,772,1,0,0
53,0000-00-00,91,0,5,0,50,0,0,0,773,1,0,0
53,0000-00-00,91,0,6,0,50,0,0,0,774,1,0,0
53,0000-00-00,91,0,7,0,50,0,0,0,775,1,0,0
53,0000-00-00,91,0,8,0,50,0,0,0,776,1,0,0
53,0000-00-00,91,0,9,0,50,0,0,0,777,1,0,0
53,0000-00-00,91,0,10,0,50,0,0,0,778,1,0,0
53,0000-00-00,91,0,11,0,50,0,0,0,779,1,0,0
53,0000-00-00,30,0,12,550,50,0,0,0,780,1,0,0
54,0000-00-00,73,36669.63,0,0,400.14,20877.54,400.14,0.1027,781,1,0,0
54,0000-00-00,73,36669.63,1,0,404.98,21191.37,400.14,0.1027,782,1,0,0
54,0000-00-00,73,36669.63,2,0,405.99,21505.2,400.14,0.1027,783,1,0,0
54,0000-00-00,73,36669.63,3,0,407.01,21819.03,400.14,0.1027,784,1,0,0
54,0000-00-00,73,36669.63,4,0,408.05,22132.86,400.14,0.1027,785,1,0,0
54,0000-00-00,73,36669.63,5,0,409.1,22446.69,400.14,0.1027,786,1,0,0
54,0000-00-00,73,36669.63,6,0,410.17,22760.53,400.14,0.1027,787,1,0,0
54,0000-00-00,33,36669.63,7,0,411.25,23074.36,400.14,0.1027,788,1,0,0
54,0000-00-00,33,36669.63,8,0,412.34,23388.19,400.14,0.1027,789,1,0,0
54,0000-00-00,33,36669.63,9,0,413.45,23702.02,400.14,0.1027,790,1,0,0
54,0000-00-00,33,36669.63,10,0,414.58,24015.85,400.14,0.1027,791,1,0,0
54,0000-00-00,33,36669.63,11,0,415.72,24329.68,400.14,0.1027,792,1,0,0
54,0000-00-00,33,36669.63,12,0,416.88,24643.51,400.14,0.1027,793,1,0,0
55,0000-00-00,30,23875.11,0,93.51,0,2.46,0,0.0377,794,1,0,76.69
55,0000-00-00,30,23781.6,1,96.73,171.74,2.46,0,0.0377,795,1,0,75.01
55,0000-00-00,30,23684.86544,2,97.05,171.77,2.46,0,0.0377,796,1,0,74.71
55,0000-00-00,30,23587.81382,3,97.36,171.77,2.46,0,0.0377,797,1,0,74.41
55,0000-00-00,30,23490.45598,4,97.66,171.77,2.46,0,0.0377,798,1,0,74.11
55,0000-00-00,30,23392.79102,5,97.97,171.77,2.46,0,0.0377,799,1,0,73.8
55,0000-00-00,30,23294.81794,6,98.28,171.77,2.46,0,0.0377,800,1,0,73.49
55,0000-00-00,30,23196.53577,7,98.59,171.78,2.46,0,0.0377,801,1,0,73.18
55,0000-00-00,30,23097.94352,8,98.9,171.78,2.46,0,0.0377,802,1,0,72.88
55,0000-00-00,30,22999.04021,9,99.22,171.78,2.46,0,0.0377,803,1,0,72.57
55,0000-00-00,30,22899.82483,10,99.53,171.78,2.46,0,0.0377,804,1,0,72.26
55,0000-00-00,30,22800.29641,11,99.84,171.79,2.46,0,0.0377,805,1,0,71.94
55,0000-00-00,30,22700.45394,12,100.16,171.79,2.46,0,0.0377,806,1,0,71.63
56,0000-00-00,30,14194.16,0,65.8,0,7.04,0,0.0302,807,1,0,34.2
56,0000-00-00,90,0,1,0,84.39,42.76,0,0.0302,808,1,0,35.56
56,0000-00-00,90,0,2,0,50,42.76,0,0.0302,809,1,0,0
56,0000-00-00,90,0,3,0,50,42.76,0,0.0302,810,1,0,0
56,0000-00-00,90,0,4,0,50,42.76,0,0.0302,811,1,0,0
56,0000-00-00,90,0,5,0,50,42.76,0,0.0302,812,1,0,0
56,0000-00-00,90,0,6,0,50,42.76,0,0.0302,813,1,0,0
56,0000-00-00,90,0,7,0,50,42.76,0,0.0302,814,1,0,0
56,0000-00-00,90,0,8,0,50,42.76,0,0.0302,815,1,0,0
56,0000-00-00,90,0,9,0,50,42.76,0,0.0302,816,1,0,0
56,0000-00-00,90,0,10,0,50,42.76,0,0.0302,817,1,0,0
56,0000-00-00,90,0,11,0,50,42.76,0,0.0302,818,1,0,0
56,0000-00-00,90,0,12,0,50,42.76,0,0.0302,819,1,0,0
58,0000-00-00,20,7700,0,0,0,5236.91,0,0.1027,820,1,0,0
58,0000-00-00,20,7700,1,0,50,5302.81,0,0.1027,821,1,0,0
58,0000-00-00,20,7700,2,0,50,5368.71,0,0.1027,822,1,0,0
58,0000-00-00,30,13068.70833,3,0,75.79,0,0,0.1027,823,1,0,65.9
58,0000-00-00,30,13068.70833,4,0,128.79,0,0,0.1027,824,1,0,111.85
58,0000-00-00,30,13068.70833,5,0,128.96,0,0,0.1027,825,1,0,111.85
58,0000-00-00,30,13068.70833,6,0,129.13,0,0,0.1027,826,1,0,111.85
58,0000-00-00,30,13068.70833,7,0,129.3,0,0,0.1027,827,1,0,111.85
58,0000-00-00,30,13068.70833,8,0,129.47,0,0,0.1027,828,1,0,111.85
58,0000-00-00,30,13068.70833,9,0,129.65,0,0,0.1027,829,1,0,111.85
58,0000-00-00,30,13068.70833,10,0,129.82,0,0,0.1027,830,1,0,111.85
58,0000-00-00,30,13068.70833,11,0,130,0,0,0.1027,831,1,0,111.85
58,0000-00-00,30,13068.70833,12,0,130.18,0,0,0.1027,832,1,0,111.85
59,0000-00-00,30,10580.57,0,41.23,72.97,17.34,72.97,0.0377,833,1,0,31.74
59,0000-00-00,30,10539.34,1,40.23,73.47,17.34,72.97,0.0377,834,1,0,33.24
59,0000-00-00,30,10499.10838,2,40.35,73.47,17.34,72.97,0.0377,835,1,0,33.11
59,0000-00-00,30,10458.75419,3,40.48,73.47,17.34,72.97,0.0377,836,1,0,32.98
59,0000-00-00,30,10418.27275,4,40.61,73.47,17.34,72.97,0.0377,837,1,0,32.86
59,0000-00-00,30,10377.66363,5,40.74,73.47,17.34,72.97,0.0377,838,1,0,32.73
59,0000-00-00,30,10336.92643,6,40.87,73.47,17.34,72.97,0.0377,839,1,0,32.6
59,0000-00-00,30,10296.06075,7,40.99,73.47,17.34,72.97,0.0377,840,1,0,32.48
59,0000-00-00,30,10255.06617,8,41.12,73.47,17.34,72.97,0.0377,841,1,0,32.35
59,0000-00-00,30,10213.94229,9,41.25,73.47,17.34,72.97,0.0377,842,1,0,32.22
59,0000-00-00,30,10172.68868,10,41.38,73.47,17.34,72.97,0.0377,843,1,0,32.09
59,0000-00-00,30,10131.30495,11,41.51,73.47,17.34,72.97,0.0377,844,1,0,31.96
59,0000-00-00,30,10089.79067,12,41.65,73.47,17.34,72.97,0.0377,845,1,0,31.83
60,0000-00-00,30,10333.73,0,23.08,71.18,14.93,71.18,0.0377,846,1,0,48.1
60,0000-00-00,30,10310.65,1,39.29,71.76,14.93,71.18,0.0377,847,1,0,32.47
60,0000-00-00,30,10271.35697,2,39.48,71.87,14.93,71.18,0.0377,848,1,0,32.39
60,0000-00-00,30,10231.87841,3,39.6,71.87,14.93,71.18,0.0377,849,1,0,32.27
60,0000-00-00,30,10192.27511,4,39.73,71.87,14.93,71.18,0.0377,850,1,0,32.15
60,0000-00-00,30,10152.5469,5,39.85,71.87,14.93,71.18,0.0377,851,1,0,32.02
60,0000-00-00,30,10112.69339,6,39.98,71.88,14.93,71.18,0.0377,852,1,0,31.9
60,0000-00-00,30,10072.71419,7,40.11,71.88,14.93,71.18,0.0377,853,1,0,31.77
60,0000-00-00,30,10032.60888,8,40.23,71.88,14.93,71.18,0.0377,854,1,0,31.65
60,0000-00-00,30,9992.37707,9,40.36,71.88,14.93,71.18,0.0377,855,1,0,31.52
60,0000-00-00,30,9952.018358,10,40.49,71.88,14.93,71.18,0.0377,856,1,0,31.39
60,0000-00-00,30,9911.532338,11,40.61,71.88,14.93,71.18,0.0377,857,1,0,31.27
60,0000-00-00,30,9870.918605,12,40.74,71.88,14.93,71.18,0.0377,858,1,0,31.14
61,0000-00-00,30,6212.17,0,0,60.76,29.25,60.76,0.0897,859,1,0,60.76
61,0000-00-00,30,6212.17,1,14.61,61.05,29.25,60.76,0.0897,860,1,0,46.44
61,0000-00-00,30,6197.558877,2,14.76,61.19,29.25,60.76,0.0897,861,1,0,46.44
61,0000-00-00,30,6182.803832,3,14.87,61.19,29.25,60.76,0.0897,862,1,0,46.33
61,0000-00-00,30,6167.938148,4,14.98,61.19,29.25,60.76,0.0897,863,1,0,46.22
61,0000-00-00,30,6152.961075,5,15.09,61.19,29.25,60.76,0.0897,864,1,0,46.11
61,0000-00-00,30,6137.871776,6,15.2,61.2,29.25,60.76,0.0897,865,1,0,45.99
61,0000-00-00,30,6122.669407,7,15.32,61.2,29.25,60.76,0.0897,866,1,0,45.88
61,0000-00-00,30,6107.353118,8,15.43,61.2,29.25,60.76,0.0897,867,1,0,45.77
61,0000-00-00,30,6091.922053,9,15.55,61.2,29.25,60.76,0.0897,868,1,0,45.65
61,0000-00-00,30,6076.375348,10,15.66,61.2,29.25,60.76,0.0897,869,1,0,45.54
61,0000-00-00,30,6060.712134,11,15.78,61.2,29.25,60.76,0.0897,870,1,0,45.42
61,0000-00-00,30,6044.931536,12,15.9,61.2,29.25,60.76,0.0897,871,1,0,45.3
63,0000-00-00,73,15265.15,0,0,105.99,1481.63,105.99,0.0502,872,1,0,0
63,0000-00-00,73,15265.15,1,0,107.48,1545.49,105.99,0.0502,873,1,0,0
63,0000-00-00,73,15265.15,2,0,107.79,1609.35,105.99,0.0502,874,1,0,0
63,0000-00-00,73,15265.15,3,0,108.1,1673.21,105.99,0.0502,875,1,0,0
63,0000-00-00,73,15265.15,4,0,108.42,1737.07,105.99,0.0502,876,1,0,0
63,0000-00-00,73,15265.15,5,0,108.73,1800.93,105.99,0.0502,877,1,0,0
63,0000-00-00,73,15265.15,6,0,109.06,1864.79,105.99,0.0502,878,1,0,0
63,0000-00-00,91,15265.15,7,0,109.38,1928.64,105.99,0.0502,879,1,0,0
63,0000-00-00,91,15265.15,8,0,109.71,1992.5,105.99,0.0502,880,1,0,0
63,0000-00-00,91,15265.15,9,0,110.04,2056.36,105.99,0.0502,881,1,0,0
63,0000-00-00,91,15265.15,10,0,110.37,2120.22,105.99,0.0502,882,1,0,0
63,0000-00-00,91,15265.15,11,0,110.71,2184.08,105.99,0.0502,883,1,0,0
63,0000-00-00,33,15265.15,12,0,111.05,2247.94,105.99,0.0502,884,1,0,0
64,0000-00-00,30,9446.89,0,0,58.84,11.04,58.84,0.0377,885,1,0,33.84
64,0000-00-00,33,9446.89,1,0,59.54,40.72,58.84,0.0377,886,1,0,0
64,0000-00-00,30,9487.608979,2,59.65,59.73,0,58.84,0.0377,887,1,0,58.92
64,0000-00-00,33,9427.955494,3,0,60.18,29.81,58.84,0.0377,888,1,0,0
64,0000-00-00,33,9427.955494,4,0,59.99,59.43,58.84,0.0377,889,1,0,0
64,0000-00-00,30,9487.381892,5,91.46,60.19,0,58.84,0.0377,890,1,0,88.63
64,0000-00-00,33,9395.918277,6,0,60.76,29.81,58.84,0.0377,891,1,0,0
64,0000-00-00,30,9425.724468,7,61.61,60.37,0,58.84,0.0377,892,1,0,58.95
64,0000-00-00,33,9364.11104,8,0,60.76,29.61,58.84,0.0377,893,1,0,0
64,0000-00-00,30,9393.723524,9,62.2,60.57,0,58.84,0.0377,894,1,0,58.74
64,0000-00-00,33,9331.526098,10,0,60.96,29.51,58.84,0.0377,895,1,0,0
64,0000-00-00,30,9361.038046,11,62.79,60.76,0,58.84,0.0377,896,1,0,58.54
64,0000-00-00,33,9298.24833,12,0,61.16,29.41,58.84,0.0377,897,1,0,0
65,0000-00-00,30,17218.26,0,51.81,0,19.55,0,0.0377,898,1,0,53.48
65,0000-00-00,30,17166.45,1,51.79,105.88,19.55,0,0.0377,899,1,0,54.09
65,0000-00-00,30,17114.66302,2,51.95,105.88,19.55,0,0.0377,900,1,0,53.93
65,0000-00-00,30,17062.71341,3,52.11,105.88,19.55,0,0.0377,901,1,0,53.77
65,0000-00-00,30,17010.60009,4,52.28,105.88,19.55,0,0.0377,902,1,0,53.61
65,0000-00-00,30,16958.32256,5,52.44,105.88,19.55,0,0.0377,903,1,0,53.44
65,0000-00-00,30,16905.88027,6,52.61,105.88,19.55,0,0.0377,904,1,0,53.28
65,0000-00-00,30,16853.27273,7,52.77,105.89,19.55,0,0.0377,905,1,0,53.11
65,0000-00-00,30,16800.49938,8,52.94,105.89,19.55,0,0.0377,906,1,0,52.95
65,0000-00-00,30,16747.55973,9,53.11,105.89,19.55,0,0.0377,907,1,0,52.78
65,0000-00-00,30,16694.45322,10,53.27,105.89,19.55,0,0.0377,908,1,0,52.62
65,0000-00-00,30,16641.17935,11,53.44,105.89,19.55,0,0.0377,909,1,0,52.45
65,0000-00-00,30,16587.73757,12,53.61,105.89,19.55,0,0.0377,910,1,0,52.28
66,0000-00-00,30,16717.27,0,11.27,50,20.74,50,0.0302,911,1,0,38.73
66,0000-00-00,30,16706,1,67.83,109.9,20.74,50,0.0302,912,1,0,42.07
66,0000-00-00,30,16638.17184,2,68.23,110.27,20.74,50,0.0302,913,1,0,42.04
66,0000-00-00,30,16569.94198,3,68.4,110.28,20.74,50,0.0302,914,1,0,41.87
66,0000-00-00,30,16501.53876,4,68.58,110.28,20.74,50,0.0302,915,1,0,41.7
66,0000-00-00,30,16432.96267,5,68.75,110.28,20.74,50,0.0302,916,1,0,41.53
66,0000-00-00,30,16364.21328,6,68.92,110.28,20.74,50,0.0302,917,1,0,41.36
66,0000-00-00,30,16295.29015,7,69.1,110.28,20.74,50,0.0302,918,1,0,41.18
66,0000-00-00,30,16226.19282,8,69.27,110.28,20.74,50,0.0302,919,1,0,41.01
66,0000-00-00,30,16156.92086,9,69.45,110.28,20.74,50,0.0302,920,1,0,40.84
66,0000-00-00,30,16087.47382,10,69.62,110.28,20.74,50,0.0302,921,1,0,40.66
66,0000-00-00,30,16017.85125,11,69.8,110.29,20.74,50,0.0302,922,1,0,40.49
66,0000-00-00,30,15948.05269,12,69.97,110.29,20.74,50,0.0302,923,1,0,40.31
67,0000-00-00,33,20970.3,0,0,131.02,93.32,131.02,0.0377,924,1,-50,56.02
67,0000-00-00,30,21063.62,1,132.62,132.59,0,131.02,0.0377,925,1,0,130.98
67,0000-00-00,30,20930.99615,2,67.43,133.6,0,131.02,0.0377,926,1,0,66.17
67,0000-00-00,33,20863.56792,3,0,133.19,65.76,131.02,0.0377,927,1,0,0
67,0000-00-00,30,20929.32613,4,135.49,133.19,0,131.02,0.0377,928,1,0,131.3
67,0000-00-00,30,20793.83169,5,68.29,134.04,0,131.02,0.0377,929,1,0,65.75
67,0000-00-00,30,20725.54203,6,68.28,133.61,0,131.02,0.0377,930,1,0,65.33
67,0000-00-00,30,20657.25852,7,68.5,133.61,0,131.02,0.0377,931,1,0,65.11
67,0000-00-00,30,20588.76051,8,68.71,133.61,0,131.02,0.0377,932,1,0,64.9
67,0000-00-00,30,20520.04658,9,68.93,133.61,0,131.02,0.0377,933,1,0,64.68
67,0000-00-00,33,20451.11606,10,0,133.61,64.47,131.02,0.0377,934,1,0,0
67,0000-00-00,30,20515.5832,11,138.73,133.62,0,131.02,0.0377,935,1,0,128.5
67,0000-00-00,30,20376.8531,12,70.04,134.49,0,131.02,0.0377,936,1,0,64.45
68,0000-00-00,30,20963.11,0,61.05,147.74,54.73,147.74,0.0502,937,1,0,86.69
68,0000-00-00,30,20902.06,1,60.76,148.45,54.73,147.74,0.0502,938,1,0,87.7
68,0000-00-00,30,20841.30116,2,61.01,148.45,54.73,147.74,0.0502,939,1,0,87.44
68,0000-00-00,30,20780.28899,3,61.27,148.45,54.73,147.74,0.0502,940,1,0,87.19
68,0000-00-00,30,20719.02084,4,61.53,148.46,54.73,147.74,0.0502,941,1,0,86.93
68,0000-00-00,30,20657.49563,5,61.78,148.46,54.73,147.74,0.0502,942,1,0,86.67
68,0000-00-00,30,20595.71228,6,62.04,148.46,54.73,147.74,0.0502,943,1,0,86.42
68,0000-00-00,30,20533.66968,7,62.3,148.46,54.73,147.74,0.0502,944,1,0,86.16
68,0000-00-00,30,20471.36676,8,62.56,148.46,54.73,147.74,0.0502,945,1,0,85.9
68,0000-00-00,30,20408.80241,9,62.83,148.47,54.73,147.74,0.0502,946,1,0,85.64
68,0000-00-00,30,20345.97553,10,63.09,148.47,54.73,147.74,0.0502,947,1,0,85.38
68,0000-00-00,30,20282.88502,11,63.36,148.47,54.73,147.74,0.0502,948,1,0,85.11
68,0000-00-00,30,20219.52975,12,63.62,148.47,54.73,147.74,0.0502,949,1,0,84.85
69,0000-00-00,33,20187.93,0,0,200.01,266.8,200.01,0.1027,950,1,0,0
69,0000-00-00,40,20187.93,1,0,200.82,439.58,200.01,0.1027,951,1,0,0
69,0000-00-00,40,20187.93,2,0,201.1,612.35,200.01,0.1027,952,1,0,0
69,0000-00-00,40,20187.93,3,0,201.38,785.13,200.01,0.1027,953,1,0,0
69,0000-00-00,30,20973.0551,4,0,201.67,0,200.01,0.1027,954,1,0,172.78
69,0000-00-00,30,20973.0551,5,0,209.81,0,200.01,0.1027,955,1,0,179.49
69,0000-00-00,30,20973.0551,6,0,210.12,0,200.01,0.1027,956,1,0,179.49
69,0000-00-00,30,20973.0551,7,0,210.42,0,200.01,0.1027,957,1,0,179.49
69,0000-00-00,30,20973.0551,8,0,210.73,0,200.01,0.1027,958,1,0,179.49
69,0000-00-00,30,20973.0551,9,0,211.05,0,200.01,0.1027,959,1,0,179.49
69,0000-00-00,30,20973.0551,10,0,211.37,0,200.01,0.1027,960,1,0,179.49
69,0000-00-00,30,20973.0551,11,0,211.69,0,200.01,0.1027,961,1,0,179.49
69,0000-00-00,30,20973.0551,12,0,212.01,0,200.01,0.1027,962,1,0,179.49
71,0000-00-00,40,22261.31,0,0,0,809.33,0,0.0302,963,1,0,0
71,0000-00-00,40,22261.31,1,0,139.66,865.35,0,0.0302,964,1,0,0
71,0000-00-00,40,22261.31,2,0,140.18,921.38,0,0.0302,965,1,0,0
71,0000-00-00,40,22261.31,3,0,140.72,977.4,0,0.0302,966,1,0,0
71,0000-00-00,40,22261.31,4,0,141.25,1033.43,0,0.0302,967,1,0,0
71,0000-00-00,40,22261.31,5,0,141.8,1089.45,0,0.0302,968,1,0,0
71,0000-00-00,40,22261.31,6,0,142.34,1145.48,0,0.0302,969,1,0,0
71,0000-00-00,33,22261.31,7,0,142.9,1201.5,0,0.0302,970,1,0,0
71,0000-00-00,40,22261.31,8,0,143.46,1257.52,0,0.0302,971,1,0,0
71,0000-00-00,40,22261.31,9,0,144.02,1313.55,0,0.0302,972,1,0,0
71,0000-00-00,40,22261.31,10,0,144.6,1369.57,0,0.0302,973,1,0,0
71,0000-00-00,40,22261.31,11,0,145.17,1425.6,0,0.0302,974,1,0,0
71,0000-00-00,33,22261.31,12,0,145.76,1481.62,0,0.0302,975,1,0,0
72,0000-00-00,33,23266.26,0,0,150.49,58.97,150.49,0.0377,976,1,0,125.49
72,0000-00-00,33,23266.26,1,0,153.05,132.06,150.49,0.0377,977,1,0,0
72,0000-00-00,33,23266.26,2,0,153.58,205.16,150.49,0.0377,978,1,0,0
72,0000-00-00,33,23266.26,3,0,154.11,278.25,150.49,0.0377,979,1,0,0
72,0000-00-00,33,23266.26,4,0,154.65,351.35,150.49,0.0377,980,1,0,0
72,0000-00-00,33,23266.26,5,0,155.19,424.44,150.49,0.0377,981,1,0,0
72,0000-00-00,33,23266.26,6,0,155.74,497.54,150.49,0.0377,982,1,0,0
72,0000-00-00,33,23266.26,7,0,156.3,570.63,150.49,0.0377,983,1,0,0
72,0000-00-00,33,23266.26,8,0,156.86,643.73,150.49,0.0377,984,1,0,0
72,0000-00-00,33,23266.26,9,0,157.42,716.82,150.49,0.0377,985,1,0,0
72,0000-00-00,33,23266.26,10,0,158,789.92,150.49,0.0377,986,1,0,0
72,0000-00-00,33,23266.26,11,0,158.58,863.01,150.49,0.0377,987,1,0,0
72,0000-00-00,33,23266.26,12,0,159.16,936.11,150.49,0.0377,988,1,0,0
73,0000-00-00,33,7294.87,0,0,50,42.22,50,0.0302,989,1,0,0
73,0000-00-00,30,7337.09,1,63.89,50.45,0,50,0.0302,990,1,0,36.55
73,0000-00-00,33,7273.197525,2,0,50.96,18.47,50,0.0302,991,1,0,0
73,0000-00-00,30,7291.662534,3,64.69,50.74,0,50,0.0302,992,1,0,36.5
73,0000-00-00,33,7226.972214,4,0,51.1,18.35,50,0.0302,993,1,0,0
73,0000-00-00,30,7245.322898,5,65.29,50.88,0,50,0.0302,994,1,0,36.33
73,0000-00-00,33,7180.030915,6,0,51.24,18.23,50,0.0302,995,1,0,0
73,0000-00-00,30,7198.264977,7,65.79,51.01,0,50,0.0302,996,1,0,36.09
73,0000-00-00,33,7132.473821,8,0,51.37,18.12,50,0.0302,997,1,0,0
73,0000-00-00,30,7150.589454,9,66.29,51.14,0,50,0.0302,998,1,0,35.85
73,0000-00-00,33,7084.295725,10,0,51.51,18,50,0.0302,999,1,0,0
73,0000-00-00,30,7102.291375,11,66.8,51.27,0,50,0.0302,1000,1,0,35.61
